experiment,rep,order,engine,mode,workers,resp_size,max_batch,handler_work,conns,status,rps,duration_s,requests,lat_p50_ms,lat_p75_ms,lat_p90_ms,lat_p99_ms,lat_avg_ms,transfer_mb_s,socket_errors,non_2xx,client_cpu_pct,client_steal_pct,server_cpu_pct,server_steal_pct,server_max_core_pct,srv_requests,srv_syscalls,srv_enters,srv_completions,srv_waits,srv_handler_errors,srv_handler_calls,srv_gil_hold_ns,srv_gil_wait_ns,srv_gil_acquires,srv_gil_releases,srv_cpu_ns,srv_nvcsw,srv_nivcsw,srv_python,srv_gil,note
handler,1,1,uringpy-app-batch,thread,1,13,0,300,400,ok,27034.16,20.02,541304,14.75,14.81,14.88,342.38,22.39,2.94,0,0,6.151759847130617,0.0,25.69488114702553,0.0,98.48484848484848,676679,4639,3836,1354964,3836,0,676679,20736992884,3511332,3582,,25192617936,182,241,3.14.7,on,
handler,1,2,uringpy-app,process,1,13,0,100,400,ok,56295.96,20.03,1127402,7.08,7.13,7.18,7.63,8.28,6.12,0,0,13.18632150846916,0.0,26.578674948240167,0.0,98.14180929095355,1416271,8370,7567,2834148,7566,0,1416271,14913267250,84096775,1416271,,25119190282,21,153,3.14.7,on,
handler,1,3,uringpy-app-batch,thread,1,13,0,0,400,ok,126860.29,20.1,2549895,3.13,3.19,3.25,3.38,3.39,13.79,0,0,29.165595268706607,0.0,28.861345682375376,0.0,67.51269035532995,3211860,17635,16832,6425326,16832,0,3211860,3898926953,11666755,16207,,25249494718,191,141,3.14.7,on,
handler,1,4,uringpy-app,thread,4,13,0,1000,400,ok,8358.99,20.02,167331,42.98,61.01,85.18,304.32,55.27,0.91,0,0,2.7329888563780114,0.0,34.97947080291971,0.0,41.612377850162865,209932,5471,4668,421470,4668,0,209932,23991262916,73907210968,209932,,28609255513,210595,131,3.14.7,on,
handler,1,5,uringpy-app-batch,thread,4,13,0,100,400,ok,73473.91,20.01,1470129,5.41,5.49,5.59,5.82,5.47,7.99,0,0,20.469459868753155,0.0,40.10390268626457,0.0,52.25582548339118,1837976,38330,37527,3677558,37527,0,1837976,24053873126,65334041326,37020,,35709996887,37935,115,3.14.7,on,
handler,1,6,uringpy-app,process,2,13,0,0,400,ok,198342.7,20.1,3986690,1.97,2.23,2.31,2.43,2.01,21.56,0,0,43.50699345566534,0.0,57.33778891673629,0.0,98.34388699464199,5007146,56549,55746,10015898,55744,0,5007146,8265840387,432084154,5007146,,50510745394,1419,180,3.14.7,on,
handler,1,7,asyncio-proto-app,process,1,13,0,100,400,ok,43965.59,20.02,880127,8.98,9.02,9.07,17.86,9.09,4.78,0,0,13.256227758007118,0.0,26.40608875128999,0.0,98.23874755381604,,,,,,,,,,,,25098589695,11,156,3.14.7,on,
handler,1,8,asyncio-proto-app,process,4,13,0,3000,400,ok,12012.71,20.02,240493,33.07,33.97,34.16,64.01,33.26,1.31,0,0,5.754189944134078,0.0,97.46376811594203,0.0,98.69565217391305,,,,,,,,,,,,100430841158,96,3733,3.14.7,on,
handler,1,9,uvloop-proto-app,process,4,13,0,0,400,ok,218822.62,20.1,4398373,1.74,1.89,2.05,3.79,1.83,23.79,0,0,60.7355673736144,0.0,98.18580299525144,0.0,98.539435248296,,,,,,,,,,,,100573701702,2785,1523,3.14.7,on,
handler,1,10,uvloop-proto-app,process,1,13,0,100,400,ok,45146.93,20.02,903749,8.72,8.77,8.82,98.98,13.32,4.91,0,0,13.210787431624475,0.0,26.381553523122506,0.0,98.04496578690127,,,,,,,,,,,,25052107450,21,147,3.14.7,on,
handler,1,11,uringpy-app-batch,thread,2,13,0,300,400,ok,28252.71,20.02,565725,14.09,14.26,14.44,14.91,15.7,3.07,0,0,7.276545802705541,0.0,30.205607476635514,0.0,60.09779951100244,707179,8411,7608,1415964,7608,0,707179,24790495613,21008629247,7282,,29416957294,7600,170,3.14.7,on,
handler,1,12,uringpy-app-batch,process,2,13,0,100,400,ok,95132.79,20.01,1904077,4.19,4.25,4.3,4.46,4.27,10.34,0,0,21.534922359256182,0.0,52.748538011695906,0.0,98.43520782396088,2378180,25212,24409,4757966,24407,0,2378180,34437805013,20354726,24047,,50226702363,115,189,3.14.7,on,
handler,1,13,uringpy-app,thread,2,13,0,1000,400,ok,9064.03,20.03,181575,44.0,44.22,44.81,623.09,56.34,0.99,8,0,2.853945159485171,0.0,28.210164497913087,0.0,30.584192439862544,227721,3543,2740,457048,2740,0,227721,24534962157,23091808834,227721,,28382128544,213510,162,3.14.7,on,
handler,1,14,uvloop-proto-app,process,1,13,0,0,400,ok,82678.15,20.1,1661834,4.74,4.78,4.83,71.32,7.97,8.99,0,0,22.41789318079568,0.0,27.594465141032465,0.0,98.10218978102189,,,,,,,,,,,,25130008372,17,159,3.14.7,on,
handler,1,15,uringpy-app,thread,1,13,0,0,400,ok,124982.17,20.02,2502018,3.18,3.22,3.26,3.36,3.29,13.59,0,0,28.736512800868287,0.0,28.985507246376812,0.0,98.48336594911937,3126638,16992,16189,6254882,16189,0,3126638,3659553430,201220409,3126638,,25166349347,174,126,3.14.7,on,
handler,1,16,asyncio-proto-app,process,1,13,0,1000,400,ok,7342.05,20.02,146988,54.21,54.5,54.78,55.29,54.37,0.79822265625,0,0,3.7062119066674875,0.0,26.526600319449564,0.0,98.77630934899658,,,,,,,,,,,,25186726751,11,115,3.14.7,on,
handler,1,17,uringpy-app,thread,1,13,0,30,400,ok,91012.05,20.02,1822148,4.38,4.42,4.47,4.63,5.01,9.89,0,0,21.907134189180557,0.0,27.409478168264112,0.0,98.0440097799511,2293307,13019,12216,4588220,12216,0,2293307,9132669372,134334933,2293307,,25260008357,188,152,3.14.7,on,
handler,1,18,uringpy-app-batch,thread,4,13,0,300,400,ok,26835.21,20.02,537357,12.84,18.21,18.7,23.64,15.21,2.92,0,0,7.682611709838029,0.0,30.592547342700062,0.0,31.622678396871944,672462,14801,13998,1346530,13998,0,672462,24604172514,71821992153,13696,,29010666639,17456,94,3.14.7,on,
handler,1,19,uringpy-app,thread,4,13,0,300,400,ok,28036.92,20.02,561249,12.88,17.92,24.19,39.58,14.85,3.05,0,0,8.08633817884337,0.0,34.91842671050968,0.0,36.722306525037936,701937,15483,14680,1405480,14680,0,701937,23048389446,71306337321,701937,,33225682157,709490,117,3.14.7,on,
handler,1,20,uringpy-app,thread,2,13,0,100,400,ok,67693.21,20.02,1355386,5.79,6.36,7.56,8.99,5.99,7.36,0,0,16.30227532731664,0.0,42.54975793437332,0.0,50.080775444264944,1705722,18577,17774,3413050,17774,0,1705722,20596339447,14840549936,1705722,,40697039511,1058097,164,3.14.7,on,
handler,1,21,uringpy-app,process,2,13,0,3000,400,ok,5952.32,20.03,119226,60.94,73.86,74.49,620.96,77.09,0.64712890625,68,0,1.9871598899419138,0.0,49.81011882886194,0.0,98.24132877381534,149808,2769,1966,301222,1964,0,149808,48869611730,14205187,149808,,50425354222,36,211,3.14.7,on,
handler,1,22,uringpy-app-batch,process,2,13,0,30,400,ok,164469.43,20.02,3292172,2.41,2.47,2.53,2.64,2.42,17.88,0,0,35.068649885583525,0.0,55.90486604702023,0.0,98.48262359275576,4118345,42906,42103,8238296,42101,0,4118345,21119323463,35459406,41536,,50196954916,187,197,3.14.7,on,
handler,1,23,uringpy-app,process,1,13,0,3000,400,ok,3141.45,20.03,62919,118.99,127.19,127.39,128.28,111.47,0.341533203125,203,0,0.9513219668890536,0.0,25.136281041792852,0.0,97.39256397875423,79441,1751,948,160488,947,0,79441,24583770516,7117545,79441,,25351443653,16,180,3.14.7,on,
handler,1,24,asyncio-proto-app,process,4,13,0,1000,400,ok,31873.88,20.01,637953,13.32,13.51,13.61,23.5,12.55,3.47,0,0,11.251580278128952,0.0,98.31172008808417,0.0,98.62879529872674,,,,,,,,,,,,100220735477,58,3430,3.14.7,on,
handler,1,25,uringpy-app,thread,2,13,0,3000,400,ok,2539.63,20.02,50852,157.6,158.09,158.46,295.75,148.49,0.276103515625,167,0,0.8524833209785025,0.0,26.70496211195307,0.0,38.38932806324111,64132,1951,1148,129870,1148,0,64132,24966885157,24840368764,64132,,26491247738,63879,120,3.14.7,on,
handler,1,26,uringpy-app-batch,thread,4,13,0,0,400,ok,279224.67,20.02,5589345,1.41,1.54,1.67,1.97,1.41,30.36,0,0,62.83555378802943,0.0,91.71009574597018,0.0,94.06084017382906,7001182,145679,144876,14003970,144876,0,7001182,16814018903,11927761006,143656,,91042434432,93742,978,3.14.7,on,
handler,1,27,uringpy-app-batch,process,4,13,0,30,400,ok,248241.24,20.1,4989663,1.61,1.74,1.86,2.04,1.59,26.99,0,0,54.712007381046526,0.0,98.30570453437348,0.0,98.58674463937622,6234663,130302,129499,12470932,129495,0,6234663,43668429862,111492334,128275,,100614969924,815,1391,3.14.7,on,
handler,1,28,uringpy-app,process,4,13,0,30,400,ok,245006.04,20.1,4924624,1.61,1.7,1.79,1.96,1.61,26.64,0,0,55.296526218465196,0.0,98.09918362373584,0.0,98.29351535836177,6155065,137348,136545,12311736,136541,0,6155065,41608315063,698020380,6155065,,100626426371,5277,1356,3.14.7,on,
handler,1,29,uringpy-app-batch,process,4,13,0,3000,400,ok,12413.84,20.03,248627,30.43,32.44,38.53,44.1,34.31,1.35,0,0,3.5547531594347257,0.0,97.40400869355229,0.0,98.1651376146789,311543,7598,6795,624692,6791,0,311543,98608367860,3324192,6490,,100537943125,76,1349,3.14.7,on,
handler,1,30,uringpy-app,thread,2,13,0,30,400,ok,130934.88,20.01,2620136,2.97,3.28,3.57,4.07,3.07,14.24,0,0,29.48322406478982,0.0,50.51774126743062,0.0,77.54994742376446,3291199,34647,33844,6584004,33844,0,3291199,15970387707,7580287364,3291199,,46350766494,622033,193,3.14.7,on,
handler,1,31,asyncio-proto-app,process,4,13,0,100,400,ok,104466.95,20.1,2099781,3.19,4.86,5.88,7.52,3.84,11.36,0,0,29.66743496871913,0.0,98.29413914950652,0.0,98.63481228668942,,,,,,,,,,,,100800166469,79,9852,3.14.7,on,
handler,1,32,asyncio-proto-app,process,1,13,0,300,400,ok,23073.52,20.02,461963,17.2,17.29,17.39,17.8,17.32,2.51,0,0,7.1640472132803135,0.0,25.83624563155267,0.0,98.1651376146789,,,,,,,,,,,,25125023697,11,146,3.14.7,on,
handler,1,33,uringpy-app-batch,process,1,13,0,100,400,ok,57107.59,20.02,1143430,6.97,7.03,7.09,7.56,8.61,6.21,0,0,12.364397640043139,0.0,26.593121349772876,0.0,98.04592085979482,1430228,8415,7612,2862062,7611,0,1430228,15668369641,6693609,7360,,25121829405,19,130,3.14.7,on,
handler,1,34,uvloop-proto-app,process,4,13,0,3000,400,ok,11983.53,20.01,239827,33.49,36.83,37.2,491.41,43.63,1.3,0,0,5.9249180530645065,0.0,98.28892691273528,0.0,98.53372434017595,,,,,,,,,,,,100292441946,45,1369,3.14.7,on,
handler,1,35,uringpy-app-batch,process,1,13,0,0,400,ok,128397.98,20.01,2569616,3.1,3.14,3.18,3.29,3.37,13.96,0,0,29.400102327961115,0.0,28.78248974008208,0.0,97.29468599033817,3219482,17903,17100,6440570,17099,0,3219482,3919996383,13017737,16837,,25198512445,20,130,3.14.7,on,
handler,1,36,uringpy-app-batch,thread,1,13,0,3000,400,ok,3003.36,20.03,60156,122.85,132.67,133.01,133.75,115.04,0.3265234375,203,0,0.8956145768993206,0.0,25.116450110321157,0.0,98.38709677419355,76047,1738,935,153700,935,0,76047,24668184575,616053,682,,25383080613,151,154,3.14.7,on,
handler,1,37,uringpy-app-batch,process,2,13,0,3000,400,ok,6104.08,20.03,122273,64.86,66.09,66.24,613.92,75.56,0.6636328125,63,0,1.693758530835091,0.0,49.742457689477554,0.0,98.28934506353862,153663,2799,1996,308932,1994,0,153663,48912500324,1772958,1729,,50415069975,34,232,3.14.7,on,
handler,1,38,uvloop-proto-app,process,1,13,0,300,400,ok,23570.71,20.02,471817,16.8,16.85,16.9,589.47,29.5,2.56,70,0,7.780925401322002,0.0,25.790784557907845,0.0,98.5053037608486,,,,,,,,,,,,25145229877,16,180,3.14.7,on,
handler,1,39,uringpy-app-batch,process,2,13,0,0,400,ok,203421.64,20.02,4072659,1.94,2.05,2.14,2.27,1.97,22.12,0,0,45.18902599107377,0.0,57.134901851594044,0.0,98.53157121879589,5131183,57340,56537,10263972,56535,0,5131183,8986798789,47755203,54734,,50340623911,1394,193,3.14.7,on,
handler,1,40,uvloop-proto-app,process,4,13,0,300,400,ok,80723.8,20.1,1622552,4.83,5.43,5.57,9.76,5.13,8.78,0,0,23.664370206681397,0.0,98.22211397954213,0.0,98.58674463937622,,,,,,,,,,,,100740445937,105,1378,3.14.7,on,
handler,1,41,uvloop-proto-app,process,1,13,0,1000,400,ok,8620.79,20.03,172639,46.22,46.41,46.58,134.3,47.77,0.94,179,0,4.05296201902157,0.0,26.33118069940295,0.0,97.00772200772201,,,,,,,,,,,,25127235440,14,158,3.14.7,on,
handler,1,42,uringpy-app-batch,process,4,13,0,100,400,ok,180889.03,20.02,3621423,2.12,2.35,2.62,2.82,2.2,19.67,0,0,41.40782704955395,0.0,98.23853211009174,0.0,98.48336594911937,4530615,94843,94040,9062836,94036,0,4530615,67572103962,72010260,93226,,100641359583,543,1346,3.14.7,on,
handler,1,43,asyncio-proto-app,process,1,13,0,0,400,ok,81304.72,20.02,1627547,4.83,4.87,4.91,9.64,4.91,8.84,0,0,19.076266252668347,0.0,27.521710086840347,0.0,98.5798237022527,,,,,,,,,,,,25073626393,12,937,3.14.7,on,
handler,1,44,uringpy-app,thread,4,13,0,100,400,ok,62156.67,20.01,1243962,5.96,7.91,10.28,15.75,6.53,6.76,0,0,16.233354470513632,0.0,47.52500974405613,0.0,49.170984455958546,1561059,33695,32892,3123724,32892,0,1561059,19434208021,66108905671,1561059,,44334088664,1673331,152,3.14.7,on,
handler,1,45,uringpy-app,thread,1,13,0,100,400,ok,50044.5,20.02,1001681,7.97,8.02,8.07,10.42,10.14,5.44,0,0,11.407905589746843,0.0,26.47894600878326,0.0,98.53157121879589,1250261,7508,6705,2502128,6705,0,1250261,16243148034,76456119,1250261,,25177085855,177,140,3.14.7,on,
handler,1,46,uringpy-app,process,4,13,0,1000,400,ok,35226.44,20.02,705266,12.16,12.33,12.48,12.79,11.49,3.83,0,0,9.291952001005214,0.0,98.25140621178772,0.0,98.53372434017595,882473,19444,18641,1766552,18637,0,882473,94714815255,71905933,882473,,100390416733,116,1327,3.14.7,on,
handler,1,47,asyncio-proto-app,process,1,13,0,30,400,ok,63521.36,20.03,1272304,6.19,6.23,6.27,12.34,6.29,6.91,0,0,17.06849139860587,0.0,27.08171206225681,0.0,97.00338327694539,,,,,,,,,,,,25098265617,16,112,3.14.7,on,
handler,1,48,uringpy-app,thread,1,13,0,1000,400,ok,8669.7,20.03,173638,46.23,46.31,46.43,492.14,54.37,0.94,110,0,2.4939512376698305,0.0,25.206662553979026,0.0,98.29018075232047,218214,2343,1540,438034,1540,0,218214,23056349932,16617218,218214,,25233913201,151,190,3.14.7,on,
handler,1,49,uringpy-app,thread,1,13,0,3000,400,ok,3141.82,20.03,62919,119.28,127.22,127.49,128.42,111.36,0.341572265625,203,0,1.0315646426585954,0.0,25.131853305531706,0.0,98.58329262335124,79431,1750,947,160468,947,0,79431,24527364525,8487535,79431,,25380431068,149,178,3.14.7,on,
handler,1,50,asyncio-proto-app,process,1,13,0,3000,400,ok,3040.28,20.03,60890,131.09,131.35,131.68,132.28,131.15,0.330537109375,0,0,1.949740034662045,0.0,25.603688872709622,0.0,98.74396135265701,,,,,,,,,,,,25350868700,11,123,3.14.7,on,
handler,1,51,uringpy-app,thread,4,13,0,30,400,ok,94357.3,20.01,1888285,4.07,5.15,6.21,8.08,4.24,10.26,0,0,23.291412601626018,0.0,64.84813588599395,0.0,65.83815028901734,2359622,49610,48807,4720850,48807,0,2359622,12181235335,59526333544,2359622,,58217748522,3486596,719,3.14.7,on,
handler,1,52,uringpy-app-batch,thread,2,13,0,3000,400,ok,2975.88,20.03,59598,127.85,137.01,145.99,339.05,130.46,0.32353515625,154,0,0.9886307464162135,0.0,25.815550649987735,0.0,47.12812960235641,75036,2039,1236,151678,1236,0,75036,45589694061,4327283532,981,,26019809275,9764,182,3.14.7,on,
handler,1,53,uringpy-app,process,2,13,0,30,400,ok,161279.49,20.01,3227055,2.4,2.69,2.77,2.91,2.48,17.53,0,0,35.818216780975575,0.0,56.13866812825432,0.0,98.18893783651492,4062758,42702,41899,8127122,41897,0,4062758,18813047186,292874309,4062758,,50383298187,174,192,3.14.7,on,
handler,1,54,asyncio-proto-app,process,4,13,0,0,400,ok,184163.44,20.1,3701691,1.84,1.99,3.95,4.42,2.18,20.02,0,0,51.18136003665161,0.0,98.13641900121803,0.0,98.34307992202729,,,,,,,,,,,,100652759520,2220,11620,3.14.7,on,
handler,1,55,uvloop-proto-app,process,4,13,0,1000,400,ok,32793.95,20.1,659157,11.53,13.38,13.56,26.84,13.3,3.57,0,0,11.451917033312382,0.0,97.37728585178056,0.0,98.6519017814155,,,,,,,,,,,,100764725329,83,1385,3.14.7,on,
handler,1,56,uringpy-app,process,2,13,0,300,400,ok,51667.69,20.02,1034334,7.71,7.92,7.99,8.29,8.0,5.62,0,0,12.376987130961393,0.0,51.48941564203321,0.0,98.1427174975562,1294703,14381,13578,2591012,13576,0,1294703,41205966873,88746597,1294703,,50240961637,116,176,3.14.7,on,
handler,1,57,uvloop-proto-app,process,1,13,0,3000,400,ok,3097.17,20.02,62011,88.38,107.29,114.43,120.02,89.29,0.33671875,209,0,1.9716916991161382,0.0,25.625613346418056,0.0,98.63214460185638,,,,,,,,,,,,25340255834,12,199,3.14.7,on,
handler,1,58,uringpy-app-batch,process,4,13,0,1000,400,ok,34417.73,20.02,689000,11.3,12.61,13.86,14.07,11.83,3.74,0,0,9.210443535703051,0.0,97.34267423601884,0.0,98.11411992263056,862025,18845,18042,1725656,18038,0,862025,95320968567,9871576,17685,,100391019663,163,1409,3.14.7,on,
handler,1,59,uringpy-app,process,1,13,0,300,400,ok,26738.76,20.03,535587,14.91,14.97,15.04,292.22,21.65,2.91,0,0,6.746205259541508,0.0,25.7035175879397,0.0,98.09384164222874,670539,4612,3809,1342684,3808,0,670539,20346542725,41408096,670539,,25133507091,19,181,3.14.7,on,
handler,1,60,uringpy-app-batch,thread,2,13,0,100,400,ok,76768.7,20.01,1536371,5.17,5.28,5.39,5.7,5.42,8.35,0,0,18.654918864097365,0.0,39.48553054662379,0.0,74.41975308641975,1921876,20584,19781,3845358,19781,0,1921876,24471868085,13406498329,19417,,37117682717,19716,177,3.14.7,on,
handler,1,61,uvloop-proto-app,process,4,13,0,30,400,ok,184004.45,20.1,3698464,2.11,2.2,2.3,4.38,2.2,20.0,0,0,51.51355619899974,0.0,97.34183305268222,0.0,98.21858449687049,,,,,,,,,,,,100667387563,640,1364,3.14.7,on,
handler,1,62,uringpy-app-batch,process,4,13,0,0,400,ok,300049.44,20.1,6031049,1.28,1.4,1.54,1.79,1.31,32.62,0,0,66.18705035971223,0.0,98.20928249482276,0.0,98.58605558264262,7564683,164941,164138,15130972,164134,0,7564683,20081595966,176811156,160477,,100845366942,2979,1266,3.14.7,on,
handler,1,63,uringpy-app-batch,process,1,13,0,30,400,ok,92726.62,20.02,1856250,4.3,4.34,4.39,4.56,4.85,10.08,0,0,19.70923930370465,0.0,27.416777629826896,0.0,98.14090019569471,2346603,13279,12476,4694812,12475,0,2346603,9413697625,10507449,12212,,25205860734,24,133,3.14.7,on,
handler,1,64,uringpy-app,thread,4,13,0,0,400,ok,195267.53,20.1,3924890,2.0,2.4,2.77,3.44,2.02,21.23,0,0,41.852487135506,0.0,81.12251699773364,0.0,82.08,4939206,109967,109164,9880018,109164,0,4939206,10228265121,36571551958,4939206,,76409017747,1946340,954,3.14.7,on,
handler,1,65,uringpy-app-batch,process,1,13,0,3000,400,ok,3032.03,20.03,60729,121.91,131.5,131.84,132.52,114.32,0.329638671875,202,0,0.8955592613180162,0.0,25.098135426889108,0.0,98.43444227005871,76708,1742,939,155022,938,0,76708,24635183978,735137,685,,25314175738,20,142,3.14.7,on,
handler,1,66,uringpy-app,thread,1,13,0,300,400,ok,26890.44,20.02,538336,14.84,14.89,14.95,334.74,22.32,2.92,0,0,6.556659791236952,0.0,25.76755748912368,0.0,96.86293436293437,672624,4616,3813,1346854,3813,0,672624,20399573057,42682835,672624,,25191018141,167,165,3.14.7,on,
handler,1,67,uringpy-app-batch,thread,4,13,0,1000,400,ok,8940.14,20.03,179058,42.84,53.73,66.43,105.97,46.13,0.97,0,0,2.5612263974574687,0.0,28.81663241871147,0.0,30.330188679245282,224079,5830,5027,449764,5027,0,224079,47518213452,51128791103,4597,,27198269102,22561,173,3.14.7,on,
handler,1,68,uringpy-app-batch,process,2,13,0,1000,400,ok,17616.54,20.03,352827,22.13,23.41,23.51,154.7,26.75,1.92,0,0,4.42037106213423,0.0,50.10502903743976,0.0,98.48484848484848,441532,5696,4893,884670,4891,0,441532,47471641422,4125572,4627,,50293356416,42,206,3.14.7,on,
handler,1,69,asyncio-proto-app,process,4,13,0,30,400,ok,156338.08,20.02,3129794,2.18,2.46,5.15,5.72,2.61,17.0,0,0,44.51325076574777,0.0,97.34074700834039,0.0,98.16336394393427,,,,,,,,,,,,100375732258,90,12881,3.14.7,on,
handler,1,70,uringpy-app-batch,thread,2,13,0,30,400,ok,147980.88,20.02,2961841,2.66,2.76,2.88,3.11,2.71,16.09,0,0,33.603969327920616,0.0,50.91376742926763,0.0,62.90909090909091,3759669,39408,38605,7520944,38605,0,3759669,19326224335,4338639613,38249,,46351940860,19381,186,3.14.7,on,
handler,1,71,uringpy-app-batch,thread,4,13,0,30,400,ok,157258.64,20.1,3160902,2.52,2.64,2.9,3.59,2.53,17.1,0,0,36.548586285342864,0.0,64.34708943482997,0.0,67.26741354115929,3963083,85328,84525,7927772,84525,0,3963083,23331275843,47657787718,83206,,55030959280,90736,234,3.14.7,on,
handler,1,72,uvloop-proto-app,process,1,13,0,30,400,ok,68664.17,20.1,1380154,5.71,5.75,5.8,161.51,10.42,7.47,0,0,18.40837032339886,0.0,27.227200843437007,0.0,98.05258033106135,,,,,,,,,,,,25213411856,24,135,3.14.7,on,
handler,1,73,uringpy-app-batch,process,1,13,0,300,400,ok,26799.62,20.02,536590,14.88,14.94,15.01,334.87,22.37,2.91,0,0,6.330063113166282,0.0,25.713926280035224,0.0,98.4841075794621,671338,4621,3818,1344282,3817,0,671338,20738958577,2623432,3562,,25133937842,22,160,3.14.7,on,
handler,1,74,uringpy-app-batch,thread,2,13,0,1000,400,ok,8728.95,20.04,174898,45.68,45.95,46.22,708.48,59.81,0.95,11,0,2.3556467151469946,0.0,27.249544626593806,0.0,42.580019398642094,218936,3449,2646,439478,2646,0,218936,38205543479,10019041491,2392,,27288857502,7907,158,3.14.7,on,
handler,1,75,uvloop-proto-app,process,4,13,0,100,400,ok,137802.13,20.1,2769797,2.79,2.93,3.05,5.81,2.91,14.98,0,0,37.75911484369793,0.0,98.17273723961506,0.0,98.44130540672187,,,,,,,,,,,,100558123215,3318,1337,3.14.7,on,
handler,1,76,uringpy-app-batch,process,1,13,0,1000,400,ok,9016.4,20.03,180584,44.44,44.54,44.7,506.39,53.06,0.98,104,0,2.2739981360671018,0.0,25.19121638292623,0.0,98.19247679531021,227055,2388,1585,455716,1584,0,227055,23166156203,1194206,1336,,25180141977,18,142,3.14.7,on,
handler,1,77,uringpy-app,process,1,13,0,0,400,ok,119065.94,20.01,2382626,3.34,3.38,3.42,3.52,3.67,12.94,0,0,27.591820786663195,0.0,28.553954879043218,0.0,97.3417109714838,2989148,16234,15431,5979902,15430,0,2989148,3821736044,185512743,2989148,,25111444748,26,109,3.14.7,on,
handler,1,78,uringpy-app,process,4,13,0,300,400,ok,94592.48,20.01,1893262,4.22,4.28,4.34,4.48,4.23,10.28,0,0,23.036248964770337,0.0,98.23853211009174,0.0,98.5812133072407,2366172,49152,48349,4733950,48345,0,2366172,83925425462,199028804,2366172,,100323081650,404,1409,3.14.7,on,
handler,1,79,uringpy-app,process,4,13,0,3000,400,ok,12501.4,20.03,250425,30.86,34.61,37.63,38.28,32.76,1.36,0,0,3.619261197283997,0.0,98.36185819070904,0.0,98.67970660146699,313825,7746,6943,629256,6939,0,313825,98360250073,29414621,313825,,100510935340,64,1263,3.14.7,on,
handler,1,80,uringpy-app,process,1,13,0,30,400,ok,92247.98,20.02,1846425,4.32,4.36,4.4,4.54,4.91,10.03,0,0,20.98677385892116,0.0,27.773354564755838,0.0,96.95505074915418,2325049,13171,12368,4651704,12367,0,2325049,9021166399,135568782,2325049,,25201245032,28,168,3.14.7,on,
handler,1,81,uringpy-app-batch,process,2,13,0,300,400,ok,52357.2,20.02,1048188,7.61,7.72,7.79,8.0,7.97,5.69,0,0,12.439316562637917,0.0,51.06490233144297,0.0,98.53228962818004,1309865,14508,13705,2621336,13703,0,1309865,41882776419,10531250,13308,,50235007299,136,181,3.14.7,on,
handler,1,82,uringpy-app,process,4,13,0,100,400,ok,170762.61,20.1,3432339,2.31,2.57,2.67,2.84,2.32,18.57,0,0,37.988357050452784,0.0,98.14859926918392,0.0,98.39259620068192,4312076,92428,91625,8625758,91621,0,4312076,66566950778,387390279,4312076,,100886432955,1760,1328,3.14.7,on,
handler,1,83,uringpy-app,thread,2,13,0,0,400,ok,189469.83,20.1,3808366,2.07,2.21,2.36,2.57,2.11,20.6,0,0,41.83960720130933,0.0,55.40410298774611,0.0,95.8843704066634,4778106,49721,48918,9557818,48918,0,4778106,7654798378,2822417048,4778106,,49240838794,181015,214,3.14.7,on,
handler,1,84,uringpy-app-batch,thread,1,13,0,100,400,ok,57989.03,20.02,1160679,6.87,6.92,6.98,7.39,8.52,6.3,0,0,12.517464752953131,0.0,26.646745485253994,0.0,98.09384164222874,1454663,8597,7794,2910932,7794,0,1454663,15568398716,6423711,7543,,25261948729,149,140,3.14.7,on,
handler,1,85,uringpy-app,process,1,13,0,1000,400,ok,8911.11,20.02,178436,44.95,45.11,45.3,503.68,53.52,0.97,106,0,2.5386381975048105,0.0,25.185093780848963,0.0,98.09384164222874,224582,2375,1572,450770,1571,0,224582,22971168618,18470173,224582,,25189075332,17,140,3.14.7,on,
handler,1,86,uringpy-app-batch,thread,1,13,0,1000,400,ok,9031.18,20.02,180849,44.39,44.46,44.54,500.64,52.9,0.98,104,0,2.2079860679188954,0.0,25.16435354273192,0.0,96.9579913085466,227492,2389,1586,456590,1586,0,227492,23095397586,1212683,1337,,25243403376,189,145,3.14.7,on,
handler,1,87,uringpy-app,process,2,13,0,100,400,ok,102954.71,20.02,2060735,3.65,4.33,4.43,4.59,3.92,11.19,0,0,23.48115867726224,0.0,53.18870883429169,0.0,98.09197651663405,2594744,28444,27641,5191094,27639,0,2594744,31605392308,181896823,2594744,,50388430951,289,195,3.14.7,on,
handler,1,88,uringpy-app,thread,4,13,0,3000,400,ok,2949.51,20.03,59069,124.93,158.53,247.77,603.01,142.36,0.3206640625,70,0,1.1503494341022946,0.0,28.732597215554488,0.0,30.684538056486357,74562,2762,1959,150730,1959,0,74562,24864969230,75137121801,74562,,26883048487,74918,120,3.14.7,on,
handler,1,89,asyncio-proto-app,process,4,13,0,300,400,ok,72678.06,20.1,1460829,4.91,5.05,8.51,9.93,5.49,7.9,0,0,21.324769689892307,0.0,97.34151329243353,0.0,98.0269489894129,,,,,,,,,,,,100466818789,109,12389,3.14.7,on,
handler,1,90,uringpy-app,thread,2,13,0,300,400,ok,29020.37,20.02,580954,13.72,13.87,16.29,21.12,15.3,3.16,0,0,7.101112298121033,0.0,33.273450532529196,0.0,37.66033863519754,726516,8595,7792,1454638,7792,0,726516,23380734583,20547889655,726516,,32829589859,611360,132,3.14.7,on,
handler,1,91,uringpy-app,process,4,13,0,0,400,ok,294194.09,20.1,5913332,1.33,1.47,1.57,1.75,1.33,31.98,0,0,65.20927752599307,0.0,98.12332439678285,0.0,98.34227206240858,7409543,164430,163627,14820692,163623,0,7409543,18995450179,1042029519,7409543,,100708964050,5367,1211,3.14.7,on,
handler,1,92,uringpy-app-batch,process,4,13,0,300,400,ok,96075.12,20.01,1922560,4.15,4.22,4.29,4.45,4.16,10.45,0,0,23.363832761469055,0.0,97.35347432024169,0.0,98.54932301740813,2401601,49831,49028,4804808,49024,0,2401601,85118724015,29226336,48327,,100280143570,320,1430,3.14.7,on,
handler,1,93,uringpy-app,process,2,13,0,1000,400,ok,17600.63,20.02,352391,22.0,23.59,23.68,168.23,26.98,1.91,0,0,4.655946148092745,0.0,50.06804404305332,0.0,98.48558866634099,440978,5770,4967,883562,4965,0,440978,47189927432,35354116,440978,,50277749747,111,163,3.14.7,on,
handler,1,94,uringpy-app-batch,thread,1,13,0,30,400,ok,94902.27,20.02,1899559,4.2,4.24,4.29,4.45,4.8,10.32,0,0,20.479443227220003,0.0,27.601446364001607,0.0,98.5812133072407,2389202,13503,12700,4780010,12700,0,2389202,9453688387,11069207,12432,,25257548187,163,161,3.14.7,on,
handler,1,95,uringpy-app-batch,thread,4,13,0,3000,400,ok,3035.05,20.03,60798,118.51,163.28,213.26,669.36,138.93,0.329970703125,87,0,1.2535506977893047,0.0,27.540710804707,0.0,30.241187384044526,76714,2797,1994,155034,1994,0,76714,75680916350,24657076344,1787,,26276387900,27238,118,3.14.7,on,
handler,1,96,uringpy-app-batch,thread,2,13,0,0,400,ok,201544.32,20.1,4051038,1.98,2.06,2.16,2.35,1.97,21.91,0,0,44.58794991149282,0.0,56.29827271450639,0.0,92.10134128166915,5086964,56737,55934,10175534,55934,0,5086964,8319157444,1923661253,54548,,48855950578,14760,193,3.14.7,on,
handler,2,97,uringpy-app-batch,thread,2,13,0,3000,400,ok,2862.21,20.03,57321,125.9,153.22,155.19,323.06,134.38,0.311171875,156,0,0.8474052081400384,0.0,25.73917310759416,0.0,51.27450980392157,72421,2022,1219,146448,1219,0,72421,45788352099,4177679845,963,,26017739540,9000,189,3.14.7,on,
handler,2,98,uringpy-app,thread,2,13,0,300,400,ok,28379.86,20.02,568298,14.04,14.16,15.42,20.96,15.55,3.09,0,0,7.065823726292302,0.0,33.08531109685696,0.0,41.16135662898253,710749,8436,7633,1423104,7633,0,710749,23426131208,20540720689,710749,,32755523187,599374,176,3.14.7,on,
handler,2,99,uringpy-app-batch,thread,4,13,0,3000,400,ok,3043.83,20.02,60935,108.04,170.38,260.85,655.96,143.05,0.33091796875,72,0,1.267231254249861,0.0,27.6144578313253,0.0,29.00909526089038,76788,2804,2001,155182,2001,0,76788,74514757332,25625707430,1741,,26242747667,26655,189,3.14.7,on,
handler,2,100,uringpy-app-batch,thread,1,13,0,100,400,ok,57614.73,20.02,1153501,6.91,6.97,7.03,7.48,8.56,6.26,0,0,13.005963710189063,0.0,26.596697811340075,0.0,98.1651376146789,1445557,8492,7689,2892720,7689,0,1445557,15635914757,6067233,7440,,25183586975,163,196,3.14.7,on,
handler,2,101,uringpy-app,process,1,13,0,0,400,ok,121866.3,20.02,2439507,3.28,3.33,3.37,3.47,3.53,13.25,0,0,28.53348879388522,0.0,28.604939975162136,0.0,98.53157121879589,3052275,16971,16168,6106156,16167,0,3052275,3642757876,187345136,3052275,,25204695030,25,117,3.14.7,on,
handler,2,102,uringpy-app,process,2,13,0,3000,400,ok,6332.15,20.03,126805,59.46,66.92,67.15,620.29,73.7,0.688427734375,51,0,2.076231794236133,0.0,49.83461962513782,0.0,98.63214460185638,159286,2865,2062,320178,2060,0,159286,48772044160,15447702,159286,,50393723757,31,198,3.14.7,on,
handler,2,103,uringpy-app,process,1,13,0,3000,400,ok,3061.73,20.03,61319,120.77,130.11,130.36,131.5,113.13,0.33287109375,205,0,0.963855421686747,0.0,25.106022052586937,0.0,97.2007722007722,77443,1743,940,156492,939,0,77443,24550102666,7736872,77443,,25294341207,19,129,3.14.7,on,
handler,2,104,uringpy-app,thread,2,13,0,3000,400,ok,3048.45,20.03,61064,130.9,131.11,131.38,331.25,128.03,0.33142578125,148,0,1.0565991102323282,0.0,27.575757575757574,0.0,50.1434034416826,77111,2056,1253,155828,1253,0,77111,24869483484,24700755963,77111,,26629052212,76590,138,3.14.7,on,
handler,2,105,uringpy-app-batch,thread,1,13,0,300,400,ok,27184.25,20.02,544112,14.67,14.73,14.8,336.92,22.19,2.96,0,0,6.082770692673169,0.0,25.69453174104337,0.0,98.09290953545232,681209,4661,3858,1364024,3858,0,681209,20613516745,3012835,3607,,25185528408,141,188,3.14.7,on,
handler,2,106,uringpy-app-batch,process,1,13,0,100,400,ok,57896.77,20.02,1159042,6.88,6.94,6.99,7.45,8.47,6.29,0,0,13.37680425424158,0.0,26.60092213114754,0.0,96.90970545630131,1447606,8497,7694,2896818,7693,0,1447606,15470032695,5386609,7442,,25122210604,22,182,3.14.7,on,
handler,2,107,uringpy-app-batch,process,2,13,0,1000,400,ok,16632.25,20.02,332987,22.4,25.99,26.12,186.72,28.61,1.81,0,0,4.274143302180685,0.0,49.98765127191899,0.0,98.58190709046455,417170,5463,4660,835946,4658,0,417170,47677241816,3203485,4383,,50293877448,45,223,3.14.7,on,
handler,2,108,uvloop-proto-app,process,1,13,0,1000,400,ok,8599.7,20.02,172168,46.42,46.56,46.71,143.34,48.02,0.93,178,0,4.448431603043989,0.0,26.337854500616523,0.0,98.24304538799414,,,,,,,,,,,,25135277403,13,157,3.14.7,on,
handler,2,109,uringpy-app,process,4,13,0,0,400,ok,294004.12,20.1,5909481,1.33,1.4,1.49,1.67,1.33,31.96,0,0,63.42598749833755,0.0,97.27032227032227,0.0,98.50818094321463,7415296,162424,161621,14832198,161617,0,7415296,19328530647,1001251797,7415296,,100774006688,3989,1340,3.14.7,on,
handler,2,110,uringpy-app,process,4,13,0,30,400,ok,243711.88,20.1,4898617,1.61,1.74,1.84,2.0,1.62,26.5,0,0,55.28248964872446,0.0,98.05163175840234,0.0,98.34549878345499,6134988,136450,135647,12271582,135643,0,6134988,40590396219,663613224,6134988,,100629361794,5206,1427,3.14.7,on,
handler,2,111,uringpy-app-batch,thread,4,13,0,300,400,ok,28643.63,20.02,573390,11.97,17.39,17.75,21.59,14.29,3.11,0,0,7.993197278911564,0.0,31.243056412788544,0.0,34.375,717085,15521,14718,1435776,14718,0,717085,24574125629,71608566538,14445,,29197160210,17833,104,3.14.7,on,
handler,2,112,uringpy-app-batch,process,1,13,0,1000,400,ok,8982.26,20.02,179860,44.6,44.72,44.89,507.3,53.23,0.98,105,0,2.0595106356817903,0.0,25.209669462259498,0.0,98.19159335288367,226206,2383,1580,454018,1579,0,226206,23150525726,1406655,1331,,25187407378,16,139,3.14.7,on,
handler,2,113,asyncio-proto-app,process,1,13,0,1000,400,ok,8366.47,20.02,167472,47.57,47.77,47.98,48.38,47.75,0.91,0,0,4.926838303389516,0.0,26.863468634686345,0.0,98.72736172295643,,,,,,,,,,,,25180937228,12,112,3.14.7,on,
handler,2,114,uringpy-app-batch,process,2,13,0,300,400,ok,51743.19,20.02,1036001,7.37,8.31,8.4,8.65,8.22,5.63,0,0,12.000757145561234,0.0,50.82294264339152,0.0,96.90821256038647,1295849,14428,13625,2593304,13623,0,1295849,41959899293,10115100,13265,,50241733599,139,204,3.14.7,on,
handler,2,115,uvloop-proto-app,process,1,13,0,300,400,ok,23825.11,20.02,477031,16.64,16.69,16.75,590.38,29.36,2.59,66,0,7.707310934944004,0.0,25.846387064173825,0.0,98.09384164222874,,,,,,,,,,,,25072524756,22,159,3.14.7,on,
handler,2,116,uvloop-proto-app,process,1,13,0,0,400,ok,87196.44,20.01,1745054,4.5,4.54,4.58,29.91,7.21,9.48,0,0,22.029415559282672,0.0,27.879687078500133,0.0,98.09197651663405,,,,,,,,,,,,25044628189,18,132,3.14.7,on,
handler,2,117,uringpy-app-batch,thread,2,13,0,100,400,ok,76953.52,20.02,1540305,5.17,5.23,5.32,5.6,5.36,8.37,0,0,18.292294967232934,0.0,39.43197667047039,0.0,69.27592954990216,1923538,20557,19754,3848682,19754,0,1923538,24473658201,13452069304,19446,,37084133768,19648,157,3.14.7,on,
handler,2,118,uringpy-app-batch,process,2,13,0,30,400,ok,164442.38,20.1,3305306,2.41,2.62,2.7,2.84,2.43,17.88,0,0,36.0187745129557,0.0,55.79847908745247,0.0,98.5372988785958,4129714,46296,45493,8261034,45491,0,4129714,20379200975,33834213,44443,,50372103846,721,200,3.14.7,on,
handler,2,119,uringpy-app,process,4,13,0,3000,400,ok,12486.66,20.02,250027,30.58,34.75,36.33,37.84,33.68,1.36,0,0,3.4414089240151844,0.0,98.26448301148864,0.0,98.53372434017595,313352,7680,6877,628310,6873,0,313352,98401797277,30717261,313352,,100523292276,121,1415,3.14.7,on,
handler,2,120,uringpy-app-batch,process,2,13,0,3000,400,ok,5851.29,20.02,117171,65.02,71.62,71.84,609.19,77.88,0.636142578125,74,0,1.6123031129852412,0.0,49.50974458298027,0.0,97.5374215354901,147182,2736,1933,295970,1931,0,147182,48956826987,1498084,1674,,50405066914,34,221,3.14.7,on,
handler,2,121,uringpy-app,process,2,13,0,30,400,ok,161480.15,20.01,3231718,2.42,2.62,2.71,2.85,2.48,17.56,0,0,34.94149179577695,0.0,56.20968848634555,0.0,98.58051884483602,4053122,42571,41768,8107850,41766,0,4053122,18833178672,287888963,4053122,,50389617066,176,152,3.14.7,on,
handler,2,122,asyncio-proto-app,process,1,13,0,3000,400,ok,2994.65,20.02,59959,132.62,135.29,136.91,139.49,133.21,0.325576171875,0,0,2.1786088995864965,0.0,25.580538149649833,0.0,99.119804400978,,,,,,,,,,,,25352070617,12,135,3.14.7,on,
handler,2,123,uringpy-app,thread,1,13,0,100,400,ok,56611.63,20.02,1133501,7.04,7.09,7.13,7.5,8.65,6.15,0,0,13.095994914176732,0.0,26.734196691883575,0.0,96.81467181467181,1413187,8327,7524,2827980,7524,0,1413187,15335154768,84057764,1413187,,25177464321,164,159,3.14.7,on,
handler,2,124,asyncio-proto-app,process,4,13,0,30,400,ok,155713.3,20.1,3129850,2.19,2.45,4.9,5.39,2.58,16.93,0,0,42.70168603479546,0.0,98.28195442914586,0.0,98.58674463937622,,,,,,,,,,,,100711396127,1078,11080,3.14.7,on,
handler,2,125,uvloop-proto-app,process,4,13,0,30,400,ok,185299.69,20.1,3724532,2.1,2.19,2.28,4.37,2.17,20.15,0,0,52.07434450713575,0.0,98.21037253469686,0.0,98.5874330248417,,,,,,,,,,,,100699659649,773,1432,3.14.7,on,
handler,2,126,asyncio-proto-app,process,1,13,0,0,400,ok,82058.6,20.01,1642236,4.79,4.83,4.87,9.53,4.87,8.92,0,0,22.10636079249218,0.0,27.633143914365007,0.0,96.95505074915418,,,,,,,,,,,,25062035315,18,927,3.14.7,on,
handler,2,127,uringpy-app,thread,1,13,0,3000,400,ok,3133.73,20.03,62778,119.39,127.43,127.74,128.59,111.62,0.340693359375,203,0,0.9701538651671507,0.0,25.208435507601767,0.0,98.48558866634099,79175,1749,946,159956,946,0,79175,24548954182,7992249,79175,,25369908784,161,183,3.14.7,on,
handler,2,128,uringpy-app-batch,thread,4,13,0,100,400,ok,72734.76,20.01,1455575,5.47,5.57,5.68,7.22,5.52,7.91,0,0,19.410536967933716,0.0,40.34090909090909,0.0,54.43668993020937,1820034,37793,36990,3641674,36990,0,1820034,24074140185,65287220924,36612,,35697635592,37290,133,3.14.7,on,
handler,2,129,uringpy-app,thread,4,13,0,0,400,ok,197718.59,20.01,3956942,1.98,2.37,2.72,3.36,2.01,21.5,0,0,42.17717621399705,0.0,81.48297130598016,0.0,81.9645732689211,4947413,103276,102473,9896432,102473,0,4947413,10223847779,36419527982,4947413,,76292620096,1946103,851,3.14.7,on,
handler,2,130,uringpy-app-batch,process,4,13,0,100,400,ok,173350.28,20.1,3484339,2.31,2.46,2.58,2.77,2.29,18.85,0,0,38.94655405841016,0.0,98.17295980511571,0.0,98.48927875243665,4376094,96696,95893,8753794,95889,0,4376094,68719837936,74292367,93439,,100923746143,2059,1219,3.14.7,on,
handler,2,131,uringpy-app-batch,thread,2,13,0,0,400,ok,202427.42,20.09,4066405,1.95,2.04,2.13,2.35,1.96,22.01,0,0,45.225964401508634,0.0,55.84916047343793,0.0,95.7487922705314,5129498,57660,56857,10260602,56857,0,5129498,8135976927,1436347453,55117,,49338065223,14744,187,3.14.7,on,
handler,2,132,uringpy-app-batch,process,2,13,0,0,400,ok,209989.14,20.01,4202509,1.88,1.95,2.02,2.15,1.9,22.83,0,0,47.472059606173495,0.0,58.596641047537716,0.0,98.48262359275576,5251010,54843,54040,10503626,54038,0,5251010,9144781026,46214505,53246,,50196916350,346,159,3.14.7,on,
handler,2,133,uringpy-app,thread,1,13,0,300,400,ok,26968.72,20.02,539943,14.79,14.85,14.91,324.95,22.1,2.93,0,0,6.640429785107446,0.0,25.68587968789328,0.0,98.48558866634099,675539,4635,3832,1352684,3832,0,675539,20352664463,42470264,675539,,25185792513,166,199,3.14.7,on,
handler,2,134,uringpy-app,thread,4,13,0,300,400,ok,27794.62,20.02,556375,13.12,17.91,24.01,39.99,15.0,3.02,0,0,7.4744048740657,0.0,34.8108378074666,0.0,36.3954068896655,695862,15349,14546,1393330,14546,0,695862,23046106758,71296250887,695862,,33202071262,702854,180,3.14.7,on,
handler,2,135,uringpy-app-batch,thread,1,13,0,30,400,ok,95910.76,20.02,1919857,4.15,4.2,4.25,4.41,4.66,10.43,0,0,20.684542993425293,0.0,27.82866379310345,0.0,98.18982387475538,2395393,13242,12439,4792392,12439,0,2395393,9607185417,10418488,12191,,25174381868,146,193,3.14.7,on,
handler,2,136,uringpy-app-batch,thread,2,13,0,300,400,ok,29256.78,20.03,585898,13.62,13.78,13.94,14.36,15.17,3.18,0,0,7.287093942054434,0.0,30.34044145155256,0.0,58.44346549192364,731827,8594,7791,1465260,7791,0,731827,24793104232,20930941834,7520,,29490552220,7766,157,3.14.7,on,
handler,2,137,uvloop-proto-app,process,1,13,0,30,400,ok,67957.5,20.02,1360610,5.78,5.83,5.87,114.17,9.84,7.39,0,0,18.2944045174538,0.0,27.1674043217912,0.0,97.29599227426364,,,,,,,,,,,,25054142227,17,122,3.14.7,on,
handler,2,138,uringpy-app-batch,process,1,13,0,3000,400,ok,3025.04,20.03,60582,121.81,132.0,132.34,132.95,114.52,0.328876953125,204,0,0.9268413247652002,0.0,25.119646582402748,0.0,98.53444064484611,76494,1740,937,154594,936,0,76494,24641579953,711200,686,,25307394070,21,136,3.14.7,on,
handler,2,139,uringpy-app-batch,thread,2,13,0,30,400,ok,153447.33,20.1,3084308,2.59,2.64,2.68,2.78,2.64,16.68,0,0,36.05197858168996,0.0,54.49126134670099,0.0,96.87652513421182,3854757,40692,39889,7711120,39889,0,3854757,20632997911,1722074768,39501,,49106944152,16533,199,3.14.7,on,
handler,2,140,uringpy-app,thread,4,13,0,100,400,ok,62506.44,20.02,1251206,5.94,7.91,10.26,15.68,6.48,6.8,0,0,15.529470843010483,0.0,47.92462775069179,0.0,49.68487394957983,1567054,33595,32792,3135714,32792,0,1567054,19301054415,66158522676,1567054,,44457496454,1683407,200,3.14.7,on,
handler,2,141,uringpy-app-batch,process,4,13,0,3000,400,ok,12564.34,20.03,251624,33.28,34.87,35.24,41.07,33.45,1.37,0,0,3.61145703611457,0.0,98.34963325183374,0.0,98.62946647087617,315258,7701,6898,632122,6894,0,315258,98552053711,3321955,6582,,100536315155,68,1462,3.14.7,on,
handler,2,142,uvloop-proto-app,process,4,13,0,0,400,ok,219472.72,20.1,4411450,1.82,1.96,2.13,3.91,1.82,23.86,0,0,60.51801209571391,0.0,97.20751083293212,0.0,98.45857418111753,,,,,,,,,,,,100321618365,6841,1377,3.14.7,on,
handler,2,143,uringpy-app,thread,4,13,0,1000,400,ok,7969.81,20.03,159624,47.47,60.84,80.11,173.07,54.69,0.87,0,0,2.6775175498540102,0.0,33.96052175920582,0.0,39.41299790356394,200571,5307,4504,402748,4504,0,200571,24054388881,73938980191,200571,,28538773705,201318,150,3.14.7,on,
handler,2,144,uvloop-proto-app,process,4,13,0,300,400,ok,81771.56,20.1,1643614,5.01,5.16,5.25,10.22,4.98,8.89,0,0,23.25368248772504,0.0,98.27019125350225,0.0,98.49001461276181,,,,,,,,,,,,100748283428,168,1314,3.14.7,on,
handler,2,145,uringpy-app,process,1,13,0,30,400,ok,92634.04,20.02,1854255,4.3,4.35,4.39,4.56,4.93,10.07,0,0,21.405528496426086,0.0,27.566844919786096,0.0,98.58190709046455,2317876,12853,12050,4637358,12049,0,2317876,8931482589,132331596,2317876,,25114437701,19,141,3.14.7,on,
handler,2,146,uringpy-app-batch,process,4,13,0,1000,400,ok,35165.19,20.03,704218,11.18,12.01,12.43,12.71,11.5,3.82,0,0,9.089766155393512,0.0,98.22803372846144,0.0,98.58260019550342,880880,19208,18405,1763366,18401,0,880880,95145403691,9304303,17924,,100385215630,274,1328,3.14.7,on,
handler,2,147,asyncio-proto-app,process,4,13,0,1000,400,ok,32187.61,20.02,644393,12.23,12.51,12.65,24.09,12.41,3.5,0,0,10.76796245798719,0.0,97.39067407586373,0.0,98.26002899951668,,,,,,,,,,,,100241344152,76,4328,3.14.7,on,
handler,2,148,asyncio-proto-app,process,4,13,0,300,400,ok,65980.16,20.01,1320545,5.11,7.48,7.78,10.18,6.08,7.17,0,0,19.010467459853064,0.0,98.2389629448453,0.0,98.53300733496333,,,,,,,,,,,,100489264375,94,10821,3.14.7,on,
handler,2,149,uringpy-app-batch,process,2,13,0,100,400,ok,106608.69,20.02,2134303,3.74,3.97,4.05,4.21,3.8,11.59,0,0,24.33617075339855,0.0,53.23910482921084,0.0,98.48336594911937,2667435,28430,27627,5336476,27625,0,2667435,32665453779,24313997,27243,,50240848325,150,257,3.14.7,on,
handler,2,150,uvloop-proto-app,process,4,13,0,1000,400,ok,32707.42,20.02,654743,12.02,12.23,12.35,24.46,13.28,3.56,0,0,11.340271207820876,0.0,97.36619548145464,0.0,98.21169647172547,,,,,,,,,,,,100429688416,58,1304,3.14.7,on,
handler,2,151,uringpy-app-batch,process,1,13,0,30,400,ok,97818.04,20.02,1958106,4.07,4.12,4.16,4.31,4.66,10.63,0,0,21.6604163972585,0.0,27.9292656587473,0.0,98.09197651663405,2435820,13457,12654,4873246,12653,0,2435820,9301336268,9596137,12396,,25113627110,25,150,3.14.7,on,
handler,2,152,uringpy-app,process,1,13,0,1000,400,ok,8847.85,20.02,177146,45.26,45.36,45.54,495.85,53.74,0.96,103,0,2.5454771217483083,0.0,25.225114098926852,0.0,98.53300733496333,222747,2368,1565,447100,1564,0,222747,23021231260,15784482,222747,,25164962808,19,155,3.14.7,on,
handler,2,153,uringpy-app-batch,thread,4,13,0,0,400,ok,280603.09,20.1,5640155,1.39,1.51,1.63,1.89,1.4,30.51,0,0,62.776274988454176,0.0,92.44214079074253,0.0,94.66602594906296,7046577,156331,155528,14094760,155528,0,7046577,16681901474,10685310172,150087,,92218380638,95652,1065,3.14.7,on,
handler,2,154,uringpy-app-batch,process,1,13,0,0,400,ok,126610.61,20.01,2534110,3.14,3.19,3.24,3.35,3.39,13.76,0,0,29.130128656468028,0.0,28.563551144196307,0.0,98.19070904645477,3183025,17203,16400,6367656,16399,0,3183025,3885972216,11715309,16147,,25116641327,27,134,3.14.7,on,
handler,2,155,uvloop-proto-app,process,4,13,0,3000,400,ok,11635.55,20.01,232874,32.77,36.75,36.94,486.65,44.25,1.27,0,0,4.86875,0.0,98.28913601368691,0.0,98.58190709046455,,,,,,,,,,,,100290641188,46,1170,3.14.7,on,
handler,2,156,uringpy-app-batch,process,1,13,0,300,400,ok,26802.99,20.02,536554,14.88,14.94,15.01,350.95,22.66,2.91,0,0,6.116838487972508,0.0,25.632126921170055,0.0,98.06949806949807,670911,4612,3809,1343428,3808,0,670911,20535922066,2918107,3555,,25138128022,20,179,3.14.7,on,
handler,2,157,uringpy-app-batch,process,4,13,0,0,400,ok,298926.25,20.1,6008421,1.31,1.42,1.5,1.65,1.31,32.5,0,0,65.69396437117788,0.0,98.11113819156715,0.0,98.34307992202729,7521176,170584,169781,15043958,169777,0,7521176,20366714338,190439793,161767,,100532830478,7246,1325,3.14.7,on,
handler,2,158,uringpy-app-batch,thread,4,13,0,1000,400,ok,8958.56,20.03,179401,38.23,60.46,83.86,179.46,49.7,0.97,0,0,2.690415395154761,0.0,28.9159532135536,0.0,34.86017357762777,224761,5980,5177,451128,5177,0,224761,47132663277,51690291339,4778,,27090940145,22082,146,3.14.7,on,
handler,2,159,uvloop-proto-app,process,4,13,0,100,400,ok,137862.47,20.1,2771039,2.75,3.11,3.25,5.99,2.94,14.99,0,0,37.65896531060657,0.0,98.2699805068226,0.0,98.63547758284601,,,,,,,,,,,,100728048816,99,1502,3.14.7,on,
handler,2,160,uringpy-app,process,4,13,0,100,400,ok,175177.36,20.01,3505109,2.21,2.47,2.63,2.82,2.27,19.05,0,0,38.706500328299406,0.0,98.22586565520616,0.0,98.48336594911937,4392297,91428,90625,8786200,90621,0,4392297,65485599174,427173243,4392297,,100608593024,738,1344,3.14.7,on,
handler,2,161,asyncio-proto-app,process,4,13,0,3000,400,ok,11902.29,20.02,238273,35.14,35.33,35.4,58.56,33.59,1.29,0,0,7.316775492768658,0.0,97.487922705314,0.0,98.26170931916948,,,,,,,,,,,,100435453134,60,3907,3.14.7,on,
handler,2,162,uringpy-app,process,1,13,0,100,400,ok,54347.91,20.02,1087934,7.34,7.38,7.43,7.83,9.17,5.91,0,0,12.294873425772803,0.0,26.61049902786779,0.0,98.04592085979482,1356273,8043,7240,2714152,7239,0,1356273,15708523203,78974830,1356273,,25118369749,17,187,3.14.7,on,
handler,2,163,uringpy-app,thread,2,13,0,30,400,ok,132507.64,20.01,2651869,2.91,3.25,3.59,4.37,3.03,14.41,0,0,29.388496206471693,0.0,50.45492142266336,0.0,82.37145855194125,3304731,34616,33813,6611068,33813,0,3304731,15798330962,7710973254,3304731,,46114919257,659139,142,3.14.7,on,
handler,2,164,uringpy-app,thread,2,13,0,100,400,ok,67574.63,20.02,1352770,5.76,6.25,7.5,9.07,6.07,7.35,0,0,15.036876907426246,0.0,42.53573319216517,0.0,52.742616033755276,1695745,18422,17619,3393096,17619,0,1695745,21239413318,14606368629,1695745,,40767372504,1024100,163,3.14.7,on,
handler,2,165,uringpy-app,process,2,13,0,0,400,ok,204399.77,20.1,4108460,1.94,1.99,2.04,2.13,1.95,22.22,0,0,46.541298425144525,0.0,58.438073718401355,0.0,98.49001461276181,5140158,58199,57396,10281922,57394,0,5140158,7725238049,413311989,5140158,,50504710129,1652,202,3.14.7,on,
handler,2,166,uringpy-app,thread,4,13,0,30,400,ok,93140.58,20.01,1864025,4.09,5.45,6.7,9.16,4.31,10.13,0,0,22.77809361379572,0.0,63.84419983065199,0.0,65.35874439461884,2334703,50561,49758,4671012,49758,0,2334703,13088885551,60284249872,2334703,,57268335382,3233598,483,3.14.7,on,
handler,2,167,uringpy-app,process,2,13,0,1000,400,ok,18036.33,20.02,361143,21.17,23.35,23.47,166.76,26.37,1.96,0,0,4.751354012801576,0.0,50.098887515451175,0.0,98.48484848484848,452080,5811,5008,905766,5006,0,452080,47124519640,41660979,452080,,50280414845,45,217,3.14.7,on,
handler,2,168,uringpy-app-batch,thread,1,13,0,0,400,ok,127825.29,20.01,2558299,3.11,3.15,3.19,3.29,3.29,13.9,0,0,28.854007146503317,0.0,28.982885765966326,0.0,98.13999021047479,3205947,17329,16526,6413500,16526,0,3205947,4065243470,14271279,16258,,25161741968,163,142,3.14.7,on,
handler,2,169,uringpy-app-batch,thread,1,13,0,1000,400,ok,8741.16,20.02,175028,45.82,45.91,46.01,489.79,54.04,0.95,107,0,2.1209105610150516,0.0,25.216120784122733,0.0,97.34427812650894,220122,2353,1550,441850,1550,0,220122,23207212820,1462515,1298,,25242276442,157,155,3.14.7,on,
handler,2,170,asyncio-proto-app,process,1,13,0,100,400,ok,44647.89,20.02,893992,8.83,8.87,8.91,17.59,8.95,4.85,0,0,11.86755475855002,0.0,26.53985507246377,0.0,98.5812133072407,,,,,,,,,,,,25099222524,11,140,3.14.7,on,
handler,2,171,uringpy-app-batch,thread,2,13,0,1000,400,ok,8805.01,20.02,176289,45.37,45.66,45.95,677.11,58.68,0.96,15,0,2.5031055900621118,0.0,27.401129943502823,0.0,56.07843137254902,221395,3459,2656,444396,2656,0,221395,38989020080,9281478048,2454,,27249284878,8253,186,3.14.7,on,
handler,2,172,uvloop-proto-app,process,1,13,0,3000,400,ok,3098.01,20.02,62027,90.43,106.42,114.76,120.01,89.79,0.33681640625,208,0,3.353490929081913,0.0,25.60310340647351,0.0,98.64799613713183,,,,,,,,,,,,25304330924,14,164,3.14.7,on,
handler,2,173,uvloop-proto-app,process,1,13,0,100,400,ok,45829.82,20.01,917240,8.61,8.65,8.7,453.6,18.87,4.98,0,0,13.667005850928517,0.0,26.44361193644232,0.0,98.09197651663405,,,,,,,,,,,,25049867642,19,167,3.14.7,on,
handler,2,174,uringpy-app,thread,4,13,0,3000,400,ok,3057.39,20.03,61252,119.32,158.38,195.86,637.92,136.72,0.332392578125,71,0,1.3161146811665843,0.0,30.284505055255114,0.0,33.37684943429069,77350,2819,2016,156306,2016,0,77350,24844480332,75226459933,77350,,26923147876,77789,105,3.14.7,on,
handler,2,175,uringpy-app,process,4,13,0,1000,400,ok,35138.68,20.02,703550,10.98,11.73,12.87,13.11,11.44,3.82,0,0,9.102910668259257,0.0,97.40212663122281,0.0,98.21083172147002,880126,19226,18423,1761858,18419,0,880126,94673566529,75723956,880126,,100415864894,200,1469,3.14.7,on,
handler,2,176,uringpy-app,process,4,13,0,300,400,ok,94418.34,20.01,1889496,4.16,4.44,4.62,4.82,4.23,10.27,0,0,23.258203300584345,0.0,98.2262996941896,0.0,98.58051884483602,2365352,49280,48477,4732310,48473,0,2365352,83800146878,192687467,2365352,,100320855631,371,1491,3.14.7,on,
handler,2,177,uringpy-app,thread,1,13,0,0,400,ok,130080.9,20.1,2614624,3.06,3.1,3.14,3.26,3.3,14.14,0,0,30.852294639413806,0.0,28.842425920797563,0.0,98.10034096444228,3227825,17736,16933,6457256,16933,0,3227825,3642485493,192986940,3227825,,25249958624,149,127,3.14.7,on,
handler,2,178,uringpy-app,process,1,13,0,300,400,ok,26468.17,20.02,530023,15.07,15.13,15.2,351.58,22.87,2.88,0,0,6.411621063177009,0.0,25.67316044174215,0.0,96.81620839363242,665475,4654,3851,1332556,3850,0,665475,20461417144,40220161,665475,,25216009566,17,169,3.14.7,on,
handler,2,179,uringpy-app,thread,1,13,0,1000,400,ok,8986.71,20.03,180003,44.59,44.7,44.88,515.65,53.36,0.98,105,0,2.685104799702344,0.0,25.246913580246915,0.0,98.24132877381534,226395,2384,1581,454396,1581,0,226395,23058404292,17477250,226395,,25249715840,156,149,3.14.7,on,
handler,2,180,asyncio-proto-app,process,1,13,0,30,400,ok,63171.24,20.02,1264610,6.24,6.29,6.34,12.39,6.32,6.87,0,0,17.126649244693734,0.0,26.843001178473223,0.0,98.18893783651492,,,,,,,,,,,,25096259000,11,106,3.14.7,on,
handler,2,181,uringpy-app-batch,process,4,13,0,300,400,ok,95632.19,20.01,1913979,4.21,4.51,4.8,5.03,4.19,10.4,0,0,22.971421280939015,0.0,97.35379410343161,0.0,98.11503141614307,2399968,51274,50471,4801542,50467,0,2399968,85585008738,29554395,49941,,100677416477,283,1501,3.14.7,on,
handler,2,182,asyncio-proto-app,process,4,13,0,100,400,ok,116289.34,20.1,2337428,2.97,3.16,5.94,6.3,3.44,12.64,0,0,30.900358519921532,0.0,98.24561403508773,0.0,98.58674463937622,,,,,,,,,,,,100764516821,656,12952,3.14.7,on,
handler,2,183,uringpy-app,process,2,13,0,100,400,ok,102194.16,20.02,2045781,3.89,4.02,4.1,4.25,3.98,11.11,0,0,24.309462915601024,0.0,53.0308955807587,0.0,98.14090019569471,2561813,27101,26298,5125232,26296,0,2561813,31475682391,183178189,2561813,,50235384878,127,138,3.14.7,on,
handler,2,184,uringpy-app-batch,thread,1,13,0,3000,400,ok,3046.06,20.03,61008,121.55,131.08,131.37,132.06,113.89,0.331162109375,204,0,0.8283365271682017,0.0,25.12410703474997,0.0,97.29860106126387,77013,1741,938,155632,938,0,77013,24647282223,764998,690,,25372065802,144,159,3.14.7,on,
handler,2,185,uringpy-app-batch,thread,4,13,0,30,400,ok,155035.35,20.1,3116214,2.55,2.65,2.83,3.48,2.56,16.86,0,0,37.51226211496959,0.0,64.23928743379875,0.0,67.19729860106126,3895552,84199,83396,7792710,83396,0,3895552,23344814361,48091272622,81876,,54530057664,88798,193,3.14.7,on,
handler,2,186,uringpy-app,thread,1,13,0,30,400,ok,91929.4,20.01,1839860,4.34,4.39,4.43,4.62,4.91,9.99,0,0,22.538293216630198,0.0,27.447319285142704,0.0,98.09197651663405,2310760,13097,12294,4623126,12294,0,2310760,8947465950,136892196,2310760,,25256802100,177,181,3.14.7,on,
handler,2,187,uringpy-app-batch,process,4,13,0,30,400,ok,247839.8,20.1,4981588,1.56,1.74,1.86,2.02,1.58,26.94,0,0,55.552664107735346,0.0,98.12286689419795,0.0,98.44054580896686,6237988,141689,140886,12477582,140882,0,6237988,44847583867,122667855,135022,,100647942619,5173,1423,3.14.7,on,
handler,2,188,uringpy-app,thread,2,13,0,0,400,ok,198208.75,20.01,3966728,1.99,2.12,2.26,2.55,2.01,21.55,0,0,44.9706483741178,0.0,56.62667607621736,0.0,96.875,4940299,55063,54260,9882204,54260,0,4940299,7406067616,2560355608,4940299,,49312083923,150721,232,3.14.7,on,
handler,2,189,asyncio-proto-app,process,1,13,0,300,400,ok,23291.64,20.02,466323,17.0,17.08,17.17,17.91,17.16,2.53,0,0,8.162492903551378,0.0,25.852379168227802,0.0,97.39256397875423,,,,,,,,,,,,25119060906,11,155,3.14.7,on,
handler,2,190,uringpy-app,thread,2,13,0,1000,400,ok,9131.36,20.03,182863,43.68,43.95,51.34,726.08,58.49,0.99,0,0,2.943733697677307,0.0,28.322981366459626,0.0,39.49076385421867,229318,3568,2765,460242,2765,0,229318,24534577155,23065771034,229318,,28412213325,214632,171,3.14.7,on,
handler,2,191,uringpy-app,process,2,13,0,300,400,ok,51365.67,20.03,1028825,7.77,8.14,8.23,8.45,7.92,5.58,0,0,13.221366334133098,0.0,51.32911392405063,0.0,98.58051884483602,1286718,14435,13632,2575042,13630,0,1286718,41220650892,93389173,1286718,,50252777635,193,209,3.14.7,on,
handler,2,192,asyncio-proto-app,process,4,13,0,0,400,ok,161098.23,20.1,3238036,1.65,2.95,5.15,5.99,2.55,17.51,0,0,45.31726146136656,0.0,97.35386095742122,0.0,98.60442733397498,,,,,,,,,,,,100781135421,306,10177,3.14.7,on,
handler,3,193,uringpy-app,thread,4,13,0,100,400,ok,62318.87,20.02,1247872,5.98,7.94,10.28,15.62,6.5,6.78,0,0,16.918390658713033,0.0,47.87822878228782,0.0,49.608355091383814,1558849,32877,32074,3119304,32074,0,1558849,19329910431,65879995989,1558849,,44220212405,1669521,223,3.14.7,on,
handler,3,194,uringpy-app,thread,2,13,0,0,400,ok,187523.59,20.1,3769252,2.1,2.22,2.35,2.59,2.13,20.39,0,0,44.06512605042017,0.0,56.00615298559642,0.0,85.65531475748195,4736577,52736,51933,9474760,51933,0,4736577,7553316212,2840319717,4736577,,49388441331,170477,210,3.14.7,on,
handler,3,195,asyncio-proto-app,process,4,13,0,100,400,ok,102685.69,20.1,2063986,3.22,4.45,6.52,8.62,3.9,11.16,0,0,29.28336620644313,0.0,98.25822168087699,0.0,98.58605558264262,,,,,,,,,,,,100801398880,148,10713,3.14.7,on,
handler,3,196,uringpy-app,process,4,13,0,30,400,ok,240783.17,20.1,4839771,1.64,1.74,1.84,2.02,1.63,26.18,0,0,56.43197458973002,0.0,98.18580299525144,0.0,98.49001461276181,6059234,129338,128535,12120074,128531,0,6059234,43507265401,704899261,6059234,,100913142189,1873,1390,3.14.7,on,
handler,3,197,uringpy-app-batch,process,4,13,0,100,400,ok,176798.96,20.1,3553659,2.22,2.35,2.47,2.67,2.24,19.22,0,0,41.523784968415626,0.0,97.38837405223252,0.0,98.17043813192105,4448914,92939,92136,8899434,92132,0,4448914,68428994792,77563195,91527,,100986235326,379,1351,3.14.7,on,
handler,3,198,uringpy-app,thread,1,13,0,30,400,ok,93203.74,20.02,1866305,4.27,4.31,4.36,4.54,4.47,10.13,0,0,23.68806988458841,0.0,27.886299339889533,0.0,98.14090019569471,2316778,12901,12098,4635162,12098,0,2316778,9227333770,137288513,2316778,,25162939596,165,153,3.14.7,on,
handler,3,199,uringpy-app-batch,thread,2,13,0,1000,400,ok,8848.06,20.03,177192,45.0,45.31,45.71,713.89,59.39,0.96,11,0,2.5359835503769705,0.0,27.43677878713479,0.0,53.47018572825024,222087,3479,2676,445780,2676,0,222087,38428833964,9805011886,2420,,27243615601,8301,127,3.14.7,on,
handler,3,200,uringpy-app-batch,process,2,13,0,3000,400,ok,6216.71,20.03,124500,61.02,67.75,68.08,627.93,74.68,0.675869140625,64,0,1.8934690836851253,0.0,49.479544904381505,0.0,98.26254826254826,156404,2830,2027,314414,2025,0,156404,48874320608,1668513,1759,,50411095686,47,208,3.14.7,on,
handler,3,201,uvloop-proto-app,process,1,13,0,3000,400,ok,3015.58,20.03,60392,91.27,108.33,117.01,122.11,91.73,0.3278515625,202,0,3.363037109375,0.0,25.58282208588957,0.0,98.68035190615836,,,,,,,,,,,,25314404772,13,172,3.14.7,on,
handler,3,202,uringpy-app-batch,thread,2,13,0,100,400,ok,77484.31,20.02,1551565,5.12,5.22,5.34,5.67,5.31,8.42,0,0,19.545627617717983,0.0,39.52234206471495,0.0,76.82086614173228,1935733,20726,19923,3873072,19923,0,1935733,24470830843,13565308181,19615,,36991577544,19948,115,3.14.7,on,
handler,3,203,uringpy-app-batch,thread,4,13,0,300,400,ok,28774.95,20.02,576215,11.84,17.17,17.5,18.09,14.11,3.13,0,0,9.180755842864247,0.0,31.013521895546457,0.0,33.202742409402546,719795,15721,14918,1441196,14918,0,719795,24575224816,71565050924,14620,,29294053332,17951,113,3.14.7,on,
handler,3,204,uringpy-app-batch,thread,2,13,0,300,400,ok,29254.21,20.03,585929,13.6,13.79,13.98,14.66,15.18,3.18,0,0,8.150744960560912,0.0,30.40986669988788,0.0,54.24644084437899,733708,8743,7940,1469022,7940,0,733708,24782364012,20972623401,7546,,29450639533,7915,170,3.14.7,on,
handler,3,205,uringpy-app-batch,process,4,13,0,1000,400,ok,34550.75,20.02,691700,11.35,12.52,13.46,13.72,11.81,3.76,0,0,10.353982300884956,0.0,97.3318845828806,0.0,98.16336394393427,865486,19086,18283,1732578,18279,0,865486,95338275995,10172550,17731,,100412787145,340,1421,3.14.7,on,
handler,3,206,uringpy-app,thread,4,13,0,1000,400,ok,8382.13,20.04,167979,43.04,59.89,80.98,155.49,51.57,0.91,0,0,3.125,0.0,35.083722519649164,0.0,42.6759410801964,210773,5529,4726,423152,4726,0,210773,24001397497,73931453894,210773,,28682308105,211629,104,3.14.7,on,
handler,3,207,uringpy-app-batch,thread,4,13,0,100,400,ok,73438.89,20.1,1476134,5.4,5.51,5.64,5.97,5.44,7.98,0,0,23.356704645048204,0.0,39.967126058920215,0.0,51.6641828117238,1850032,39713,38910,3701670,38910,0,1850032,24181958350,65733003838,38302,,36012219694,39497,73,3.14.7,on,
handler,3,208,uringpy-app,process,4,13,0,300,400,ok,93638.89,20.02,1874246,4.11,4.41,4.87,5.08,4.26,10.18,0,0,24.31557989049278,0.0,98.23874755381604,0.0,98.48336594911937,2348436,49921,49118,4698478,49114,0,2348436,84664707509,192478727,2348436,,100651378871,942,1355,3.14.7,on,
handler,3,209,uringpy-app-batch,process,2,13,0,100,400,ok,106558.82,20.01,2132594,3.71,3.92,4.01,4.2,3.82,11.58,0,0,27.19633307868602,0.0,53.12418300653595,0.0,98.13907933398629,2662138,28176,27373,5325882,27371,0,2662138,32848001078,21024833,26929,,50219340942,209,198,3.14.7,on,
handler,3,210,uringpy-app-batch,process,2,13,0,0,400,ok,202917.86,20.1,4078641,1.83,2.23,2.36,2.53,1.95,22.06,0,0,48.550865590352075,0.0,56.46834061135371,0.0,98.31487722676938,5139602,59224,58421,10280810,58419,0,5139602,9722806326,50315715,56256,,50498925590,1684,206,3.14.7,on,
handler,3,211,asyncio-proto-app,process,4,13,0,0,400,ok,185464.79,20.1,3727855,1.69,1.87,3.91,6.17,2.3,20.16,0,0,51.86941208344622,0.0,98.16077953714982,0.0,98.53872381880176,,,,,,,,,,,,100657623414,2267,11681,3.14.7,on,
handler,3,212,uringpy-app-batch,thread,4,13,0,30,400,ok,154990.11,20.1,3115223,2.56,2.66,2.85,3.53,2.57,16.85,0,0,39.30962068512928,0.0,63.781238681637085,0.0,65.4326923076923,3897972,81098,80295,7797550,80295,0,3897972,23356596180,48493106976,79801,,54209930435,84316,250,3.14.7,on,
handler,3,213,uringpy-app-batch,thread,2,13,0,3000,400,ok,3088.99,20.03,61878,124.86,133.8,134.8,358.83,126.66,0.335830078125,150,0,1.0083725478213041,0.0,25.82188420019627,0.0,46.07843137254902,78067,2062,1259,157740,1259,0,78067,45523241524,4450519649,1005,,26046692641,9057,195,3.14.7,on,
handler,3,214,uringpy-app,process,4,13,0,0,400,ok,294315.71,20.1,5915779,1.32,1.41,1.5,1.69,1.32,32.0,0,0,67.85359061070221,0.0,98.13800657174151,0.0,98.34630350194553,7394989,164068,163265,14791584,163261,0,7394989,19337134394,1028746080,7394989,,100653310288,5483,1419,3.14.7,on,
handler,3,215,uvloop-proto-app,process,4,13,0,300,400,ok,81163.95,20.1,1631405,4.99,5.13,5.2,10.19,5.09,8.82,0,0,24.43601517268916,0.0,97.37665463297232,0.0,98.21944177093359,,,,,,,,,,,,100735927907,99,1348,3.14.7,on,
handler,3,216,uringpy-app-batch,thread,1,13,0,3000,400,ok,3069.51,20.04,61505,120.9,129.95,130.23,130.9,113.31,0.3337109375,202,0,1.0257043994068216,0.0,25.128644939965696,0.0,98.82697947214076,77673,1745,942,156952,942,0,77673,24648061898,748429,692,,25369391049,156,165,3.14.7,on,
handler,3,217,asyncio-proto-app,process,4,13,0,30,400,ok,157303.97,20.1,3161825,2.09,2.78,5.45,6.13,2.62,17.1,0,0,44.60764313885489,0.0,98.23429128105212,0.0,98.49074975657254,,,,,,,,,,,,100789042053,128,12420,3.14.7,on,
handler,3,218,uringpy-app-batch,thread,2,13,0,30,400,ok,157786.64,20.1,3171525,2.51,2.57,2.63,2.81,2.55,17.15,0,0,39.16119252147549,0.0,53.472972972972975,0.0,97.6596782057533,3929842,41443,40640,7861290,40640,0,3929842,20957174119,2380659466,40237,,48422837124,14428,193,3.14.7,on,
handler,3,219,uringpy-app-batch,process,4,13,0,300,400,ok,95501.5,20.01,1911373,4.0,4.61,4.98,5.21,4.19,10.38,0,0,25.460413897854565,0.0,98.21472242602103,0.0,98.48336594911937,2391027,50323,49520,4783660,49516,0,2391027,85191028796,29842023,48805,,100350346418,444,1520,3.14.7,on,
handler,3,220,uringpy-app,thread,1,13,0,300,400,ok,26932.64,20.03,539531,14.8,14.87,14.95,274.59,21.25,2.93,0,0,7.280005003439865,0.0,25.682043650793652,0.0,96.9126869271587,676961,4722,3919,1355528,3919,0,676961,20447481746,42734816,676961,,25276601813,179,142,3.14.7,on,
handler,3,221,asyncio-proto-app,process,1,13,0,300,400,ok,22894.9,20.02,458251,17.3,17.38,17.5,18.66,17.46,2.49,0,0,8.00457404230989,0.0,25.878634639696585,0.0,98.2868330885952,,,,,,,,,,,,25110712766,11,118,3.14.7,on,
handler,3,222,uringpy-app,process,1,13,0,300,400,ok,26393.0,20.03,528594,15.11,15.18,15.27,345.07,22.77,2.87,0,0,6.664999374765537,0.0,25.6848454385524,0.0,98.14180929095355,661263,4568,3765,1324132,3764,0,661263,20417485327,41114272,661263,,25138808711,22,168,3.14.7,on,
handler,3,223,uringpy-app,thread,1,13,0,100,400,ok,56107.06,20.02,1123507,7.1,7.16,7.23,7.57,8.55,6.1,0,0,14.376199616122841,0.0,26.446596992097884,0.0,97.25036179450072,1405419,8294,7491,2812444,7491,0,1405419,14997139458,94395912,1405419,,25176665355,167,187,3.14.7,on,
handler,3,224,uvloop-proto-app,process,1,13,0,300,400,ok,23845.24,20.02,477359,16.59,16.65,16.72,597.64,29.49,2.59,69,0,8.471571482841586,0.0,25.827647207480414,0.0,98.14180929095355,,,,,,,,,,,,25062527165,18,172,3.14.7,on,
handler,3,225,asyncio-proto-app,process,4,13,0,300,400,ok,67695.64,20.01,1354597,5.26,7.08,7.72,10.48,5.92,7.36,0,0,21.192404727127872,0.0,98.25076452599389,0.0,98.4841075794621,,,,,,,,,,,,100150178547,146,14120,3.14.7,on,
handler,3,226,uringpy-app-batch,process,2,13,0,30,400,ok,157288.66,20.01,3147669,2.53,2.6,2.66,2.79,2.54,17.1,0,0,37.4862823574979,0.0,54.067237969676995,0.0,98.16425120772946,3981734,44348,43545,7965074,43543,0,3981734,20356483480,33952213,42537,,50375250708,664,161,3.14.7,on,
handler,3,227,uringpy-app,thread,2,13,0,100,400,ok,65643.81,20.02,1314399,5.93,6.41,7.8,11.48,6.34,7.14,0,0,17.9883455789207,0.0,42.036344200962056,0.0,58.59291084854995,1650953,18044,17241,3303512,17241,0,1650953,21450020576,14980886691,1650953,,40364994126,1000961,148,3.14.7,on,
handler,3,228,uringpy-app-batch,thread,4,13,0,3000,400,ok,3044.36,20.03,60980,117.93,161.75,214.34,430.6,138.81,0.3309765625,9,0,1.3408304498269896,0.0,27.8004317582154,0.0,29.766355140186917,76920,2875,2072,155446,2072,0,76920,76156459906,24003960717,1672,,26277771926,28174,183,3.14.7,on,
handler,3,229,uringpy-app,thread,1,13,0,0,400,ok,124063.36,20.01,2483095,3.21,3.26,3.3,3.42,3.46,13.49,0,0,31.23838810942405,0.0,28.851229337407972,0.0,98.4841075794621,3114572,17193,16390,6230750,16390,0,3114572,3731347520,200412941,3114572,,25249059569,165,147,3.14.7,on,
handler,3,230,asyncio-proto-app,process,1,13,0,30,400,ok,66070.57,20.01,1322301,5.95,5.99,6.04,11.86,6.05,7.18,0,0,18.450759050214092,0.0,27.293153581813375,0.0,98.5812133072407,,,,,,,,,,,,25094296999,12,144,3.14.7,on,
handler,3,231,uringpy-app-batch,process,1,13,0,1000,400,ok,8823.32,20.03,176729,45.38,45.49,45.64,502.82,53.85,0.96,107,0,2.3409289005105216,0.0,25.17950590239747,0.0,98.11776061776062,222188,2365,1562,445982,1561,0,222188,23206010354,1199478,1311,,25183703275,18,141,3.14.7,on,
handler,3,232,uringpy-app,process,2,13,0,30,400,ok,163956.04,20.01,3281257,2.4,2.51,2.6,2.78,2.44,17.83,0,0,40.28675670485822,0.0,56.11629182665935,0.0,98.6281234688878,4105935,45379,44576,8213476,44574,0,4105935,19410614860,303407371,4105935,,50358329707,985,145,3.14.7,on,
handler,3,233,uringpy-app-batch,process,4,13,0,0,400,ok,301297.9,20.01,6028630,1.28,1.42,1.54,1.73,1.3,32.76,0,0,68.56171687549987,0.0,98.2374541003672,0.0,98.53157121879589,7545302,161658,160855,15092210,160851,0,7545302,20179554968,163427515,157596,,100478724779,2657,1364,3.14.7,on,
handler,3,234,uvloop-proto-app,process,4,13,0,100,400,ok,137395.48,20.1,2761668,2.84,3.12,3.36,6.07,2.92,14.94,0,0,40.72361262241567,0.0,97.29274455540849,0.0,98.07692307692308,,,,,,,,,,,,100606316454,1808,1510,3.14.7,on,
handler,3,235,uringpy-app,process,2,13,0,1000,400,ok,17994.72,20.03,360349,21.4,23.23,23.34,90.18,25.52,1.96,0,0,5.234623294073659,0.0,50.055589870290305,0.0,98.14362481680509,451288,5851,5048,904182,5046,0,451288,47088175422,34022705,451288,,50290192059,35,241,3.14.7,on,
handler,3,236,uringpy-app-batch,process,1,13,0,100,400,ok,57920.13,20.02,1159628,6.87,6.94,7.01,7.43,8.36,6.3,0,0,14.998417220639443,0.0,26.609553478712357,0.0,98.09197651663405,1445820,8494,7691,2893246,7690,0,1445820,15703361531,5506437,7433,,25123317001,20,133,3.14.7,on,
handler,3,237,uringpy-app,process,2,13,0,300,400,ok,51262.64,20.02,1026331,7.75,8.07,8.16,8.43,8.27,5.57,0,0,13.755541481950601,0.0,50.89230001247972,0.0,98.45485272815066,1284773,14274,13471,2571152,13469,0,1284773,41416380556,93455351,1284773,,50236528547,147,201,3.14.7,on,
handler,3,238,uringpy-app,process,2,13,0,3000,400,ok,6277.0,20.03,125724,60.12,67.37,67.66,636.11,74.34,0.682431640625,61,0,2.4086687306501546,0.0,49.92654260528893,0.0,98.38788470933073,158017,2854,2051,317640,2049,0,158017,48771785154,15124388,158017,,50433340461,39,181,3.14.7,on,
handler,3,239,asyncio-proto-app,process,1,13,0,0,400,ok,81976.9,20.02,1641084,4.78,4.83,4.87,9.54,4.87,8.91,0,0,22.084771143954686,0.0,27.70487412961971,0.0,98.58051884483602,,,,,,,,,,,,25173705165,14,147,3.14.7,on,
handler,3,240,uvloop-proto-app,process,1,13,0,0,400,ok,84604.85,20.1,1700531,4.65,4.69,4.73,45.98,7.53,9.2,0,0,22.039667473980494,0.0,27.654808959156785,0.0,96.875,,,,,,,,,,,,25216162783,17,116,3.14.7,on,
handler,3,241,uringpy-app,process,2,13,0,0,400,ok,206062.81,20.1,4141822,1.91,1.97,2.03,2.16,1.91,22.4,0,0,47.01347499352164,0.0,58.67158671586716,0.0,98.3933787731256,5177492,58111,57308,10356590,57306,0,5177492,8558584262,464991818,5177492,,50501959411,1565,180,3.14.7,on,
handler,3,242,uringpy-app-batch,process,4,13,0,3000,400,ok,12182.32,20.03,243961,32.23,34.03,37.04,52.15,35.06,1.32,0,0,3.6988604520829442,0.0,98.28934506353862,0.0,98.48558866634099,305749,7433,6630,613104,6626,0,305749,98677633976,3028167,6364,,100581261690,75,1235,3.14.7,on,
handler,3,243,uringpy-app-batch,process,1,13,0,30,400,ok,97288.98,20.02,1947304,4.09,4.14,4.2,4.44,4.67,10.58,0,0,23.908723799756427,0.0,27.78812882619111,0.0,96.90821256038647,2423351,13390,12587,4848308,12586,0,2423351,9561130994,9370693,12328,,25116210038,32,189,3.14.7,on,
handler,3,244,uvloop-proto-app,process,4,13,0,1000,400,ok,31863.07,20.02,637776,12.98,13.22,13.32,26.41,13.84,3.46,0,0,11.60066216732459,0.0,98.26320939334639,0.0,98.58190709046455,,,,,,,,,,,,100105640135,123,1435,3.14.7,on,
handler,3,245,asyncio-proto-app,process,1,13,0,3000,400,ok,3041.68,20.03,60935,131.03,131.33,131.61,133.22,131.0,0.33068359375,0,0,3.3018288940714373,0.0,25.586249232658073,0.0,98.72984855886664,,,,,,,,,,,,25348926771,11,162,3.14.7,on,
handler,3,246,uringpy-app-batch,thread,4,13,0,1000,400,ok,8753.87,20.02,175262,41.99,56.01,71.02,177.47,49.68,0.95,0,0,3.0975928344840455,0.0,29.004637887977168,0.0,29.460379192999515,219777,5732,4929,441160,4929,0,219777,50379280680,48444266069,4657,,27117929124,24942,139,3.14.7,on,
handler,3,247,uringpy-app,thread,1,13,0,3000,400,ok,3140.34,20.04,62919,119.85,127.14,127.4,128.18,111.46,0.341416015625,203,0,1.1112483022595383,0.0,25.147130946542422,0.0,98.53444064484611,79438,1750,947,160482,947,0,79438,24570764578,8165976,79438,,25406499950,153,173,3.14.7,on,
handler,3,248,uringpy-app,thread,4,13,0,3000,400,ok,2941.19,20.02,58888,113.31,187.84,251.37,616.56,143.56,0.319765625,79,0,1.2799901063566659,0.0,29.024156900263094,0.0,34.70884915176524,74371,2750,1947,150348,1947,0,74371,24866047851,75168548245,74371,,26902266753,74782,119,3.14.7,on,
handler,3,249,uringpy-app,process,2,13,0,100,400,ok,105048.31,20.02,2103367,3.79,3.85,3.91,4.09,3.87,11.42,0,0,25.088383838383837,0.0,53.40341655716163,0.0,98.48484848484848,2619192,27658,26855,5239990,26853,0,2619192,31968547074,193109425,2619192,,50230875237,164,234,3.14.7,on,
handler,3,250,uringpy-app,process,1,13,0,30,400,ok,92031.25,20.02,1842540,4.32,4.37,4.43,4.6,4.76,10.01,0,0,22.541535698248765,0.0,27.574661845453328,0.0,98.18982387475538,2302555,12810,12007,4606716,12006,0,2302555,8966102577,136426438,2302555,,25123783823,22,135,3.14.7,on,
handler,3,251,uringpy-app-batch,process,2,13,0,300,400,ok,51960.19,20.02,1040412,7.67,7.74,7.8,8.02,7.83,5.65,0,0,13.117762450167689,0.0,50.85464753587024,0.0,98.11320754716981,1302066,14432,13629,2605738,13627,0,1302066,41721661043,8992085,13156,,50216731569,118,196,3.14.7,on,
handler,3,252,uringpy-app,thread,4,13,0,30,400,ok,92297.01,20.01,1846619,4.18,5.2,6.24,8.27,4.35,10.03,0,0,25.108935901484056,0.0,64.04139120436908,0.0,65.05469199769718,2320907,48948,48145,4643420,48145,0,2320907,12250302296,60600648742,2320907,,57667333303,3465009,821,3.14.7,on,
handler,3,253,uringpy-app,thread,1,13,0,1000,400,ok,8579.37,20.04,171947,46.64,46.74,46.91,483.0,54.66,0.93,110,0,2.640714108604017,0.0,25.206458769875507,0.0,98.48780487804878,216122,2332,1529,433850,1529,0,216122,23153476173,16402654,216122,,25254279798,151,176,3.14.7,on,
handler,3,254,uringpy-app-batch,thread,1,13,0,30,400,ok,95943.1,20.02,1920581,4.14,4.21,4.27,4.47,4.73,10.43,0,0,22.997711670480548,0.0,27.723304231027534,0.0,98.48336594911937,2401824,13304,12501,4805254,12501,0,2401824,9868536726,8906481,12227,,25173720238,181,196,3.14.7,on,
handler,3,255,uringpy-app,process,1,13,0,100,400,ok,57138.09,20.02,1144178,6.96,7.03,7.09,7.4,7.67,6.21,0,0,13.583449323041883,0.0,26.651982378854626,0.0,98.04496578690127,1428038,8459,7656,2857682,7655,0,1428038,15397164401,95003181,1428038,,25133694054,22,171,3.14.7,on,
handler,3,256,uringpy-app,process,4,13,0,100,400,ok,175284.03,20.1,3523207,2.24,2.5,2.62,2.81,2.26,19.06,0,0,40.80653526970954,0.0,97.26868006256768,0.0,98.46005774783445,4400158,93488,92685,8801922,92681,0,4400158,65320217448,410437157,4400158,,100526453089,1607,1327,3.14.7,on,
handler,3,257,uvloop-proto-app,process,1,13,0,30,400,ok,68457.36,20.02,1370424,5.74,5.78,5.83,147.59,10.25,7.44,0,0,18.585100879461976,0.0,27.212594258499802,0.0,97.9960899315738,,,,,,,,,,,,25048467818,18,125,3.14.7,on,
handler,3,258,uringpy-app,thread,2,13,0,30,400,ok,128816.23,20.01,2578248,3.01,3.3,3.58,4.01,3.12,14.0,0,0,29.528856718154206,0.0,50.31030202730658,0.0,88.75865743207245,3235441,33824,33021,6472488,33021,0,3235441,16414650552,7721249563,3235441,,46060481383,620244,158,3.14.7,on,
handler,3,259,asyncio-proto-app,process,1,13,0,100,400,ok,44055.61,20.02,881901,8.96,9.01,9.06,17.81,9.07,4.79,0,0,11.567260521559515,0.0,26.418936116060067,0.0,97.0048309178744,,,,,,,,,,,,25096343929,11,168,3.14.7,on,
handler,3,260,uvloop-proto-app,process,4,13,0,0,400,ok,219822.58,20.1,4418440,1.69,1.81,1.98,3.65,1.82,23.9,0,0,59.90493405637009,0.0,98.08746497746375,0.0,98.39181286549707,,,,,,,,,,,,100495518306,4260,1317,3.14.7,on,
handler,3,261,uringpy-app-batch,thread,1,13,0,0,400,ok,128482.84,20.01,2570931,3.09,3.14,3.19,3.31,3.37,13.97,0,0,31.049907342322193,0.0,28.847490615876545,0.0,98.09197651663405,3221209,17742,16939,6444024,16939,0,3221209,3893967655,14514175,16686,,25252545545,149,125,3.14.7,on,
handler,3,262,uringpy-app,process,1,13,0,0,400,ok,122731.88,20.01,2456095,3.24,3.28,3.33,3.46,3.59,13.34,0,0,29.015308770108977,0.0,28.992355802640724,0.0,98.14090019569471,3096643,17242,16439,6194892,16438,0,3096643,3662046228,191275913,3096643,,25196832486,23,178,3.14.7,on,
handler,3,263,uringpy-app-batch,thread,1,13,0,100,400,ok,57546.9,20.02,1152338,6.92,6.99,7.06,7.62,8.52,6.26,0,0,14.201632808050123,0.0,26.624302943846452,0.0,98.63147605083088,1441729,8473,7670,2885064,7670,0,1441729,15669712667,6353646,7419,,25175045960,162,201,3.14.7,on,
handler,3,264,uringpy-app,process,1,13,0,1000,400,ok,8963.91,20.03,179513,44.68,44.81,45.07,505.7,53.3,0.97,105,0,2.8411910669975184,0.0,25.225554742745672,0.0,98.26254826254826,225670,2381,1578,452946,1577,0,225670,23049882965,16141519,225670,,25184952031,22,132,3.14.7,on,
handler,3,265,uringpy-app,thread,4,13,0,300,400,ok,27346.61,20.02,547589,12.98,18.5,25.18,42.57,15.29,2.97,0,0,8.476489028213166,0.0,34.9482715114812,0.0,35.57692307692308,685628,15099,14296,1372862,14296,0,685628,23091917548,71356051270,685628,,33099305530,692596,104,3.14.7,on,
handler,3,266,uringpy-app,process,4,13,0,3000,400,ok,12579.43,20.02,251886,31.4,33.47,34.29,36.58,33.11,1.37,0,0,3.8988540109616343,0.0,98.25247464255163,0.0,98.53300733496333,315639,7640,6837,632884,6833,0,315639,98419740430,30601363,315639,,100535348476,83,1323,3.14.7,on,
handler,3,267,uringpy-app-batch,process,1,13,0,3000,400,ok,3041.28,20.04,60940,121.26,131.05,131.37,132.34,113.8,0.33064453125,204,0,0.9148572822639668,0.0,25.11639304092134,0.0,98.43673668783586,77029,1742,939,155664,938,0,77029,24636268796,733404,688,,25320871296,17,143,3.14.7,on,
handler,3,268,uringpy-app,thread,4,13,0,0,400,ok,195450.45,20.1,3928576,1.99,2.37,2.75,3.49,2.02,21.25,0,0,43.15250502300862,0.0,80.90111642743221,0.0,81.38666666666667,4902228,105397,104594,9806062,104594,0,4902228,10474891625,37556531815,4902228,,75746476504,1970164,972,3.14.7,on,
handler,3,269,uringpy-app-batch,process,2,13,0,1000,400,ok,17813.57,20.03,356773,22.37,22.66,22.77,151.26,26.4,1.94,0,0,4.679527069072806,0.0,49.76205003050641,0.0,97.34427812650894,446644,5789,4986,894894,4984,0,446644,47535400534,3514216,4670,,50291804296,93,184,3.14.7,on,
handler,3,270,uringpy-app-batch,thread,1,13,0,300,400,ok,26722.43,20.03,535150,14.92,14.99,15.08,326.12,22.26,2.91,0,0,6.469963118084641,0.0,25.668717819917116,0.0,98.14180929095355,670611,4614,3811,1342828,3811,0,670611,20717582981,3667720,3549,,25196545288,150,230,3.14.7,on,
handler,3,271,uringpy-app,thread,2,13,0,3000,400,ok,3045.06,20.03,60987,131.1,131.49,131.94,188.57,132.28,0.3310546875,72,0,1.0629750942463383,0.0,26.908957415565347,0.0,37.41362290227048,76963,2110,1307,155532,1307,0,76963,24852883003,24575450195,76963,,26705780832,76127,139,3.14.7,on,
handler,3,272,uringpy-app,process,1,13,0,3000,400,ok,3054.89,20.03,61200,120.62,130.39,130.8,132.1,113.43,0.33212890625,204,0,1.050614918731846,0.0,25.04234212436487,0.0,98.21600771456123,77296,1743,940,156198,939,0,77296,24502937797,7048766,77296,,25284576829,22,138,3.14.7,on,
handler,3,273,asyncio-proto-app,process,4,13,0,3000,400,ok,11881.09,20.02,237859,33.84,37.46,37.74,59.1,33.64,1.29,0,0,6.623376623376624,0.0,98.36185819070904,0.0,98.58260019550342,,,,,,,,,,,,100426583458,53,3682,3.14.7,on,
handler,3,274,asyncio-proto-app,process,1,13,0,1000,400,ok,7652.54,20.02,153202,52.08,52.27,52.56,53.36,52.18,0.83197265625,0,0,5.649023701338573,0.0,26.46551724137931,0.0,98.33822091886609,,,,,,,,,,,,25196065564,10,112,3.14.7,on,
handler,3,275,uringpy-app-batch,thread,1,13,0,1000,400,ok,9016.55,20.05,180737,44.41,44.53,44.68,508.65,53.01,0.98,105,0,2.431440830794105,0.0,25.200876552227903,0.0,96.91417550626808,227126,2386,1583,455858,1583,0,227126,23133931944,1693199,1337,,25245967881,146,137,3.14.7,on,
handler,3,276,uvloop-proto-app,process,1,13,0,100,400,ok,46160.93,20.01,923895,8.54,8.59,8.64,453.56,18.81,5.02,0,0,14.00950668036999,0.0,26.5124095139607,0.0,98.04592085979482,,,,,,,,,,,,25050877356,16,140,3.14.7,on,
handler,3,277,uringpy-app,thread,2,13,0,300,400,ok,28444.92,20.02,569478,14.0,14.13,16.4,21.69,15.74,3.09,0,0,7.513686992637342,0.0,33.166730744585415,0.0,45.43107898812597,712667,8505,7702,1426940,7702,0,712667,23412477970,20617921756,712667,,32703556492,599985,145,3.14.7,on,
handler,3,278,uringpy-app-batch,thread,2,13,0,0,400,ok,198044.94,20.01,3963496,1.98,2.15,2.27,2.42,2.01,21.53,0,0,43.89282899921198,0.0,55.83561643835616,0.0,96.36627906976744,4958889,55758,54955,9919384,54955,0,4958889,8663260104,1139366868,53030,,49450714263,12579,203,3.14.7,on,
handler,3,279,uringpy-app-batch,process,1,13,0,300,400,ok,27111.43,20.02,542726,14.7,14.78,14.88,330.89,22.12,2.95,0,0,6.762410240399626,0.0,25.669727078354924,0.0,98.09384164222874,678695,4653,3850,1358996,3849,0,678695,20671764693,3192916,3586,,25130017822,22,134,3.14.7,on,
handler,3,280,uringpy-app,process,4,13,0,1000,400,ok,33599.1,20.02,672607,11.64,12.6,13.13,13.37,11.98,3.65,0,0,9.718557607739665,0.0,98.22673352085117,0.0,98.53228962818004,841633,18313,17510,1684872,17506,0,841633,94901139449,66508276,841633,,100369905148,126,1509,3.14.7,on,
handler,3,281,asyncio-proto-app,process,4,13,0,1000,400,ok,32018.12,20.02,640972,12.67,13.38,13.57,24.45,12.49,3.48,0,0,11.525466947153694,0.0,97.32078204199856,0.0,98.55142443264124,,,,,,,,,,,,100247578029,88,4298,3.14.7,on,
handler,3,282,uvloop-proto-app,process,1,13,0,1000,400,ok,8652.6,20.02,173224,46.14,46.38,46.58,158.13,47.93,0.94,178,0,5.66978576705245,0.0,26.454635108481263,0.0,98.19247679531021,,,,,,,,,,,,25134359422,14,172,3.14.7,on,
handler,3,283,uvloop-proto-app,process,4,13,0,30,400,ok,185044.93,20.1,3719413,2.13,2.21,2.3,4.39,2.17,20.12,0,0,52.06499661475965,0.0,98.29372333942717,0.0,98.58674463937622,,,,,,,,,,,,100545901673,3283,1457,3.14.7,on,
handler,3,284,uringpy-app-batch,thread,4,13,0,0,400,ok,278760.94,20.1,5603048,1.39,1.56,1.73,2.08,1.41,30.31,0,0,62.22456094191936,0.0,92.51219512195122,0.0,94.49585971748661,7025233,147478,146675,14052072,146675,0,7025233,16492929183,12036374324,145471,,91323940014,94724,1022,3.14.7,on,
handler,3,285,uringpy-app-batch,process,1,13,0,0,400,ok,129002.27,20.1,2592969,3.08,3.12,3.17,3.29,3.32,14.02,0,0,30.405448820921418,0.0,29.039422543031648,0.0,98.14905017048223,3224485,17711,16908,6450576,16907,0,3224485,4245770416,14367177,16659,,25194450971,19,139,3.14.7,on,
handler,3,286,uvloop-proto-app,process,4,13,0,3000,400,ok,12158.77,20.02,243395,31.86,34.88,35.06,427.74,41.71,1.32,0,0,6.007944389275075,0.0,97.39350790394595,0.0,98.11866859623734,,,,,,,,,,,,100284769552,40,1340,3.14.7,on,
handler,3,287,uringpy-app-batch,process,4,13,0,30,400,ok,248399.48,20.1,4992847,1.52,1.66,1.95,2.19,1.58,27.01,0,0,55.06220222339862,0.0,98.03945445689236,0.0,98.2464685825621,6259923,138768,137965,12521452,137961,0,6259923,44530230718,116486432,133597,,100765287843,3854,1367,3.14.7,on,
handler,3,288,uringpy-app,thread,2,13,0,1000,400,ok,9358.21,20.03,187446,42.62,42.85,46.97,485.72,52.49,1.02,16,0,2.9894344313238035,0.0,28.36377189713008,0.0,40.786852589641434,235692,3675,2872,472990,2872,0,235692,24575879052,23118893776,235692,,28536143734,220875,143,3.14.7,on,
handler,4,289,uvloop-proto-app,process,1,13,0,0,400,ok,84162.56,20.01,1684372,4.66,4.7,4.75,40.92,7.54,9.15,0,0,21.380199935504677,0.0,27.74504552758436,0.0,98.09104258443466,,,,,,,,,,,,25129152555,20,141,3.14.7,on,
handler,4,290,uringpy-app-batch,process,1,13,0,100,400,ok,55445.29,20.02,1109997,7.19,7.25,7.32,7.69,8.95,6.03,0,0,12.817749603803486,0.0,26.472868217054263,0.0,98.43520782396088,1394344,8240,7437,2790294,7436,0,1394344,15854580273,5160749,7182,,25123408808,16,171,3.14.7,on,
handler,4,291,uvloop-proto-app,process,1,13,0,300,400,ok,23858.43,20.01,477488,16.59,16.65,16.71,591.14,29.35,2.59,70,0,7.590696498546328,0.0,25.84634603372892,0.0,96.86141960405601,,,,,,,,,,,,25142601554,17,167,3.14.7,on,
handler,4,292,uringpy-app,process,4,13,0,30,400,ok,243325.41,20.1,4890844,1.62,1.72,1.8,1.97,1.61,26.45,0,0,55.623708247216484,0.0,98.06380905991233,0.0,98.29600778967868,6121416,136383,135580,12244438,135576,0,6121416,41825005849,700458404,6121416,,100606006290,5192,1396,3.14.7,on,
handler,4,293,uringpy-app,thread,1,13,0,3000,400,ok,3018.74,20.03,60464,118.91,132.38,132.7,133.11,112.44,0.328193359375,225,0,1.025767781004758,0.0,25.187001839362356,0.0,98.58260019550342,76357,1729,926,154320,926,0,76357,24634411257,7648604,76357,,25429938587,152,148,3.14.7,on,
handler,4,294,uvloop-proto-app,process,4,13,0,300,400,ok,81355.12,20.01,1627664,4.94,5.07,5.14,10.08,5.1,8.84,0,0,23.175390389384088,0.0,97.35315445975344,0.0,98.16336394393427,,,,,,,,,,,,100364000124,105,1277,3.14.7,on,
handler,4,295,asyncio-proto-app,process,1,13,0,3000,400,ok,3036.01,20.02,60796,131.33,131.68,132.02,132.95,131.25,0.330068359375,0,0,2.6346568174823024,0.0,25.577679449360865,0.0,98.7781036168133,,,,,,,,,,,,25343825479,11,132,3.14.7,on,
handler,4,296,uvloop-proto-app,process,4,13,0,1000,400,ok,32529.27,20.01,651054,12.07,13.67,13.87,27.38,13.54,3.54,0,0,11.607199643833875,0.0,98.23939356889595,0.0,98.63013698630137,,,,,,,,,,,,100451040737,118,1329,3.14.7,on,
handler,4,297,uringpy-app-batch,thread,2,13,0,3000,400,ok,3063.53,20.03,61349,122.38,137.88,141.07,363.6,127.42,0.33306640625,150,0,0.9343481220221521,0.0,25.91607207643004,0.0,49.68523002421308,77461,2061,1258,156528,1258,0,77461,45542392488,4403542492,1002,,26071944715,8472,213,3.14.7,on,
handler,4,298,uringpy-app,process,1,13,0,3000,400,ok,3128.05,20.03,62660,119.41,127.57,127.98,128.57,111.46,0.340078125,204,0,1.0625154435384234,0.0,25.153223829369942,0.0,98.48558866634099,79053,1750,947,159712,946,0,79053,24506827333,7342896,79053,,25301314363,15,143,3.14.7,on,
handler,4,299,uringpy-app-batch,thread,1,13,0,1000,400,ok,8647.42,20.03,173170,46.28,46.56,46.87,495.05,54.58,0.94,108,0,2.258024384175168,0.0,25.200444060688294,0.0,98.095703125,217717,2341,1538,437040,1538,0,217717,23217182698,1199162,1289,,25233450806,164,186,3.14.7,on,
handler,4,300,uringpy-app-batch,thread,1,13,0,0,400,ok,131492.53,20.1,2643000,3.02,3.07,3.11,3.24,3.28,14.3,0,0,31.946317344121237,0.0,28.97992851251031,0.0,97.3063973063973,3290391,18071,17268,6582388,17268,0,3290391,3784687505,12826973,17011,,25253548957,190,225,3.14.7,on,
handler,4,301,uringpy-app,thread,2,13,0,3000,400,ok,3094.18,20.03,61967,128.88,129.14,129.48,302.88,126.63,0.336396484375,138,0,1.0826528087107152,0.0,27.16184900597634,0.0,39.10561370123692,78135,2072,1269,157876,1269,0,78135,24804516156,24626999910,78135,,26606169529,77569,152,3.14.7,on,
handler,4,302,uringpy-app-batch,thread,1,13,0,3000,400,ok,3181.5,20.02,63706,119.21,125.5,125.75,126.45,110.71,0.345888671875,198,0,0.9827554236973856,0.0,25.144118729302097,0.0,98.9242053789731,80455,1756,953,162516,953,0,80455,24632433074,749904,695,,25380992258,156,227,3.14.7,on,
handler,4,303,uringpy-app,process,1,13,0,0,400,ok,124084.71,20.01,2483317,3.21,3.25,3.29,3.41,3.54,13.49,0,0,31.655560587436113,0.0,28.86357397749108,0.0,98.1159420289855,3102661,17760,16957,6206928,16956,0,3102661,3549056425,197489597,3102661,,25197294212,84,106,3.14.7,on,
handler,4,304,uringpy-app-batch,process,4,13,0,3000,400,ok,11554.89,20.03,231407,33.15,36.08,38.98,60.74,36.88,1.26,0,0,3.5863271278251667,0.0,98.31316464979831,0.0,98.53300733496333,289991,7124,6321,581588,6317,0,289991,98739843980,3229837,6046,,100558520578,78,1307,3.14.7,on,
handler,4,305,uringpy-app-batch,thread,2,13,0,0,400,ok,200308.91,20.02,4009447,1.97,2.05,2.12,2.3,1.99,21.78,0,0,46.35235406133036,0.0,56.4084703259961,0.0,96.5230166503428,5061683,52992,52189,10124972,52189,0,5061683,8484346563,1199845339,51676,,49428187297,11574,173,3.14.7,on,
handler,4,306,uringpy-app-batch,thread,2,13,0,300,400,ok,29819.53,20.02,596993,13.35,13.52,13.7,14.29,15.07,3.24,0,0,7.647131552917903,0.0,30.499375780274658,0.0,39.50248756218905,749733,8997,8194,1501072,8194,0,749733,24854929564,20839359136,7858,,29743870843,8150,156,3.14.7,on,
handler,4,307,uringpy-app,thread,2,13,0,30,400,ok,131620.5,20.02,2635287,2.97,3.25,3.52,4.09,3.04,14.31,0,0,30.096900468459218,0.0,49.993123366799615,0.0,82.85415577626765,3299796,34615,33812,6601198,33812,0,3299796,15593942244,8117701735,3299796,,45877522186,661962,168,3.14.7,on,
handler,4,308,uringpy-app,thread,1,13,0,1000,400,ok,8715.57,20.03,174536,45.96,46.08,46.29,501.0,54.36,0.95,107,0,2.7000186208180748,0.0,25.173463177115032,0.0,96.9126869271587,219610,2350,1547,440826,1547,0,219610,23051050685,16310211,219610,,25240030555,152,175,3.14.7,on,
handler,4,309,asyncio-proto-app,process,1,13,0,100,400,ok,44239.49,20.02,885496,8.92,8.97,9.02,17.75,9.03,4.81,0,0,11.28003607550087,0.0,26.506335660718904,0.0,98.18982387475538,,,,,,,,,,,,25095903172,11,172,3.14.7,on,
handler,4,310,uringpy-app,process,4,13,0,0,400,ok,293626.49,20.1,5901958,1.32,1.4,1.49,1.68,1.32,31.92,0,0,66.48271276595744,0.0,98.16077953714982,0.0,98.48927875243665,7389357,162150,161347,14780320,161343,0,7389357,19056404374,1068427898,7389357,,100702110491,4219,1486,3.14.7,on,
handler,4,311,uringpy-app,process,2,13,0,3000,400,ok,6261.54,20.03,125393,62.29,65.48,65.71,630.47,74.41,0.680751953125,61,0,2.186435428925364,0.0,49.631063263578085,0.0,97.05598455598455,157553,2843,2040,316712,2038,0,157553,48838387963,15728883,157553,,50419707596,38,163,3.14.7,on,
handler,4,312,uringpy-app-batch,thread,4,13,0,300,400,ok,28292.26,20.02,566514,12.04,17.44,17.8,18.56,14.39,3.08,0,0,8.678051865907653,0.0,30.62771908017402,0.0,37.145698657384386,707414,15478,14675,1416434,14675,0,707414,24592259824,71679419009,14390,,29158366922,17753,119,3.14.7,on,
handler,4,313,uringpy-app,thread,4,13,0,100,400,ok,62860.26,20.01,1258123,5.88,7.88,10.14,15.5,6.44,6.83,0,0,16.907046190990535,0.0,48.35556729626205,0.0,49.78925184404636,1574753,33236,32433,3151112,32433,0,1574753,19253374843,65780344535,1574753,,44503875401,1692280,234,3.14.7,on,
handler,4,314,uvloop-proto-app,process,1,13,0,100,400,ok,45796.92,20.02,916799,8.6,8.65,8.7,445.66,18.73,4.98,0,0,14.912834765032844,0.0,26.411446249033254,0.0,98.09290953545232,,,,,,,,,,,,25136859435,17,157,3.14.7,on,
handler,4,315,uringpy-app-batch,process,4,13,0,100,400,ok,177493.04,20.1,3567629,2.18,2.37,2.71,2.94,2.23,19.3,0,0,42.172357723577235,0.0,98.1612274719922,0.0,98.44130540672187,4471373,98539,97736,8944352,97732,0,4471373,67810796384,74067488,95223,,100902103623,2129,1321,3.14.7,on,
handler,4,316,uringpy-app-batch,process,2,13,0,30,400,ok,166755.6,20.01,3337450,2.36,2.5,2.6,2.76,2.4,18.13,0,0,41.01662404092072,0.0,55.7796426637791,0.0,97.2933784436926,4146827,43136,42333,8295260,42331,0,4146827,21098326810,35351594,41814,,50220529318,291,142,3.14.7,on,
handler,4,317,uringpy-app-batch,thread,1,13,0,30,400,ok,95009.83,20.02,1901912,4.19,4.24,4.31,4.51,4.73,10.33,0,0,25.37120723047127,0.0,27.726233696382952,0.0,98.04305283757338,2388338,13326,12523,4778282,12523,0,2388338,9666658215,9531874,12331,,25261883325,160,147,3.14.7,on,
handler,4,318,uringpy-app-batch,process,2,13,0,1000,400,ok,18245.12,20.03,365413,21.5,22.56,22.68,192.22,26.42,1.98,0,0,5.223508903000871,0.0,50.080316322748054,0.0,98.095703125,457238,5928,5125,916082,5123,0,457238,47505646330,4059878,4810,,50303348400,119,198,3.14.7,on,
handler,4,319,uringpy-app,thread,4,13,0,0,400,ok,186625.81,20.09,3750054,2.04,2.47,2.89,3.66,2.08,20.29,0,0,47.26121835046378,0.0,80.10115799281246,0.0,80.80380750925437,4652598,106972,106169,9306802,106169,0,4652598,10137548258,39780411650,4652598,,74193645068,2017549,925,3.14.7,on,
handler,4,320,asyncio-proto-app,process,4,13,0,100,400,ok,118459.14,20.1,2381038,2.79,3.04,6.42,6.77,3.38,12.88,0,0,36.37163350927054,0.0,98.22168087697929,0.0,98.44054580896686,,,,,,,,,,,,100700215694,1659,13756,3.14.7,on,
handler,4,321,uringpy-app,process,4,13,0,1000,400,ok,35015.1,20.02,701059,11.19,12.23,12.6,12.99,11.64,3.81,0,0,11.997230439982376,0.0,97.34299516908213,0.0,98.1651376146789,880038,19544,18741,1761682,18737,0,880038,95135938846,70093822,880038,,100676171061,415,1517,3.14.7,on,
handler,4,322,asyncio-proto-app,process,1,13,0,300,400,ok,23533.21,20.02,471080,16.84,16.89,16.95,18.13,16.98,2.56,0,0,8.107418511194744,0.0,25.870143019870902,0.0,98.4841075794621,,,,,,,,,,,,25118568719,11,114,3.14.7,on,
handler,4,323,uringpy-app,process,1,13,0,1000,400,ok,9031.58,20.03,180931,44.32,44.44,44.62,505.44,53.02,0.98,101,0,3.4632571996027806,0.0,25.212884116993706,0.0,98.095703125,226997,2459,1656,455600,1655,0,226997,23022698442,15272378,226997,,25163333698,33,130,3.14.7,on,
handler,4,324,uvloop-proto-app,process,4,13,0,0,400,ok,218808.95,20.1,4398033,1.88,2.1,2.27,4.15,1.84,23.79,0,0,62.482794782722685,0.0,97.25829725829726,0.0,98.46153846153847,,,,,,,,,,,,100555710171,3385,1553,3.14.7,on,
handler,4,325,uringpy-app-batch,process,4,13,0,30,400,ok,248117.63,20.09,4984279,1.58,1.72,1.83,2.15,1.56,26.98,0,0,61.82857877152403,0.0,97.9301107999513,0.0,98.2464685825621,6261287,146633,145830,12524180,145826,0,6261287,45842207783,130946831,140020,,100658356210,5103,1264,3.14.7,on,
handler,4,326,uvloop-proto-app,process,4,13,0,3000,400,ok,12107.5,20.02,242367,31.0,35.96,36.22,452.64,42.35,1.32,0,0,7.725083364208967,0.0,98.26554293391963,0.0,98.58260019550342,,,,,,,,,,,,100537101608,122,1317,3.14.7,on,
handler,4,327,uringpy-app,process,2,13,0,300,400,ok,51614.99,20.02,1033185,7.69,8.0,8.09,8.34,8.15,5.61,0,0,14.342978830013779,0.0,51.44633341791423,0.0,98.14090019569471,1289500,14319,13516,2580606,13514,0,1289500,41351139252,92589958,1289500,,50232409479,178,186,3.14.7,on,
handler,4,328,uringpy-app-batch,process,4,13,0,0,400,ok,297814.52,20.1,5986099,1.25,1.41,1.65,1.96,1.29,32.38,0,0,71.2626427406199,0.0,98.08909444985395,0.0,98.39259620068192,7412124,200905,200102,14825854,200098,0,7412124,20727397436,181861934,185316,,100154100826,13293,1358,3.14.7,on,
handler,4,329,asyncio-proto-app,process,4,13,0,3000,400,ok,11734.95,20.02,234910,32.42,33.87,40.62,58.89,34.08,1.28,0,0,7.886318897637795,0.0,97.47675962815406,0.0,98.69628198937711,,,,,,,,,,,,100414769123,56,4136,3.14.7,on,
handler,4,330,uringpy-app,process,2,13,0,30,400,ok,162053.31,20.02,3244261,2.43,2.53,2.61,2.79,2.46,17.62,0,0,40.05947861300937,0.0,56.25944757454995,0.0,98.18982387475538,4037717,44158,43355,8077040,43353,0,4037717,20085533047,314208427,4037717,,50378412857,749,195,3.14.7,on,
handler,4,331,uvloop-proto-app,process,1,13,0,1000,400,ok,8651.9,20.02,173219,45.98,46.13,46.3,134.85,47.87,0.94,174,0,5.744641423188585,0.0,26.25863770977295,0.0,98.58260019550342,,,,,,,,,,,,25123695064,12,130,3.14.7,on,
handler,4,332,asyncio-proto-app,process,4,13,0,300,400,ok,72443.75,20.01,1449821,5.0,5.28,7.84,10.22,5.53,7.88,0,0,32.761421979593166,0.0,97.33124018838305,0.0,98.06763285024155,,,,,,,,,,,,100426736609,118,14732,3.14.7,on,
handler,4,333,uringpy-app-batch,thread,4,13,0,30,400,ok,158335.8,20.1,3182477,2.5,2.6,2.97,3.69,2.5,17.21,0,0,41.87568863827857,0.0,64.61669092673459,0.0,66.00387972841901,3998308,83168,82365,7998222,82365,0,3998308,23311872644,47705037134,81820,,55113087476,88036,198,3.14.7,on,
handler,4,334,asyncio-proto-app,process,1,13,0,1000,400,ok,7899.14,20.02,158141,50.44,50.58,50.78,51.49,50.57,0.86,0,0,5.738313133811526,0.0,26.474572097032386,0.0,98.38630806845966,,,,,,,,,,,,25180639242,11,173,3.14.7,on,
handler,4,335,uringpy-app,thread,1,13,0,0,400,ok,121111.5,20.01,2423921,3.29,3.33,3.37,3.5,3.59,13.17,0,0,31.576599541167475,0.0,28.830952711135765,0.0,98.14090019569471,3050691,16692,15889,6102988,15889,0,3050691,3619702507,184626928,3050691,,25257136840,154,194,3.14.7,on,
handler,4,336,uringpy-app,thread,2,13,0,100,400,ok,68316.37,20.01,1367253,5.7,6.16,7.46,9.04,6.1,7.43,0,0,18.277324219986077,0.0,43.05052941964884,0.0,64.03835908364411,1704138,18509,17706,3409882,17706,0,1704138,21684168321,14115037117,1704138,,41030574909,966641,148,3.14.7,on,
handler,4,337,uringpy-app-batch,process,4,13,0,300,400,ok,94946.14,20.01,1900341,4.18,4.37,4.48,4.69,4.2,10.32,0,0,25.589183041637707,0.0,97.36587723537941,0.0,98.21256038647343,2383639,50957,50154,4768884,50150,0,2383639,85799108254,30749180,49454,,100680173838,464,1477,3.14.7,on,
handler,4,338,uringpy-app,thread,1,13,0,30,400,ok,91869.81,20.02,1839039,4.33,4.38,4.43,4.6,4.88,9.99,0,0,22.723431914202145,0.0,27.7882289707068,0.0,98.53300733496333,2301565,12796,11993,4604736,11993,0,2301565,9227201620,139977521,2301565,,25174927508,145,193,3.14.7,on,
handler,4,339,uringpy-app,thread,4,13,0,30,400,ok,93667.37,20.01,1874587,4.09,5.24,6.34,8.52,4.25,10.18,0,0,26.047335780280978,0.0,65.10992958758442,0.0,66.38078902229846,2346051,49303,48500,4693708,48500,0,2346051,12264555568,59670212085,2346051,,58732565669,3494119,704,3.14.7,on,
handler,4,340,uringpy-app-batch,process,2,13,0,3000,400,ok,6351.1,20.03,127181,59.25,66.7,66.89,634.01,73.67,0.69048828125,58,0,2.0064843702208357,0.0,49.816446402349484,0.0,98.583984375,159704,2864,2061,321014,2059,0,159704,48858116626,1988559,1793,,50398564178,37,164,3.14.7,on,
handler,4,341,asyncio-proto-app,process,4,13,0,30,400,ok,157309.15,20.1,3161938,2.07,2.36,4.89,6.57,2.66,17.1,0,0,45.94195108841709,0.0,98.25800950176635,0.0,98.5874330248417,,,,,,,,,,,,100746318728,96,11258,3.14.7,on,
handler,4,342,uringpy-app,process,2,13,0,100,400,ok,103220.81,20.02,2066295,3.86,4.11,4.2,4.36,3.95,11.22,0,0,27.534657893055645,0.0,52.959461209687866,0.0,98.45559845559846,2592543,28266,27463,5186692,27461,0,2592543,31520808769,213522125,2592543,,50385533649,401,208,3.14.7,on,
handler,4,343,uringpy-app-batch,process,2,13,0,0,400,ok,208972.02,20.1,4200378,1.84,2.07,2.18,2.34,1.88,22.72,0,0,50.11864298082473,0.0,58.46045197740113,0.0,98.00194931773879,5291228,66247,65444,10584062,65442,0,5291228,9397347105,50999738,61084,,50449361840,3653,214,3.14.7,on,
handler,4,344,uringpy-app,process,4,13,0,100,400,ok,174326.84,20.1,3503956,2.32,2.49,2.64,2.88,2.27,18.95,0,0,43.870261921616574,0.0,98.22211397954213,0.0,98.53872381880176,4391671,92778,91975,8784948,91971,0,4391671,66085912440,418795371,4391671,,100989688923,943,1411,3.14.7,on,
handler,4,345,uringpy-app,process,4,13,0,300,400,ok,93238.67,20.02,1866795,4.2,4.57,4.8,5.03,4.28,10.14,0,0,24.408311883985185,0.0,98.21515892420538,0.0,98.53300733496333,2332247,48713,47910,4666100,47906,0,2332247,84438543746,203708590,2332247,,100326514152,434,1331,3.14.7,on,
handler,4,346,uringpy-app-batch,process,1,13,0,0,400,ok,131588.06,20.01,2633088,3.02,3.07,3.11,3.24,3.26,14.31,0,0,32.20878421387651,0.0,29.324894514767934,0.0,98.09010773751224,3284947,17798,16995,6571500,16994,0,3284947,3779994429,13159765,16730,,25196213097,23,166,3.14.7,on,
handler,4,347,uringpy-app,process,4,13,0,3000,400,ok,11955.01,20.02,239382,32.35,34.03,37.15,55.65,35.67,1.3,0,0,3.755839302398007,0.0,97.42815744989133,0.0,98.69628198937711,300039,7319,6516,601684,6512,0,300039,98525311997,30773699,300039,,100550901569,86,1476,3.14.7,on,
handler,4,348,uringpy-app,thread,2,13,0,0,400,ok,188774.82,20.1,3794267,2.07,2.2,2.34,2.61,2.1,20.52,0,0,44.25017676929999,0.0,55.53088133240805,0.0,80.96976016684046,4731574,50418,49615,9464754,49615,0,4731574,8169575459,3174943841,4731574,,49153271635,160381,164,3.14.7,on,
handler,4,349,uringpy-app-batch,process,2,13,0,100,400,ok,105897.04,20.01,2119320,3.7,4.03,4.12,4.3,3.86,11.51,0,0,25.164379189275454,0.0,53.28792245218758,0.0,98.43444227005871,2661858,29069,28266,5325322,28264,0,2661858,32999042228,20956915,27780,,50389478654,250,198,3.14.7,on,
handler,4,350,uringpy-app,thread,4,13,0,3000,400,ok,3057.25,20.04,61252,110.2,165.86,229.9,589.67,140.25,0.3323828125,57,0,1.367688362437416,0.0,30.50310777530198,0.0,35.130434782608695,77367,2825,2022,156340,2022,0,77367,24854311977,75122188432,77367,,26986790996,77633,112,3.14.7,on,
handler,4,351,uringpy-app,thread,4,13,0,1000,400,ok,8231.05,20.03,164841,44.03,60.85,80.27,245.66,54.16,0.89,0,0,2.957509203219567,0.0,35.392301578289995,0.0,43.31028873525823,206832,5396,4593,415270,4593,0,206832,23993781703,73884525611,206832,,28745376596,207651,115,3.14.7,on,
handler,4,352,uringpy-app,process,2,13,0,1000,400,ok,17462.44,20.02,349685,22.92,23.21,23.32,173.25,27.16,1.9,0,0,5.251027781238321,0.0,49.853372434017594,0.0,96.95652173913044,437314,5677,4874,876234,4872,0,437314,47244895687,32149930,437314,,50280981535,80,229,3.14.7,on,
handler,4,353,uringpy-app,thread,1,13,0,300,400,ok,26134.34,20.03,523438,15.26,15.33,15.42,361.53,23.24,2.84,0,0,7.273067798726433,0.0,25.677710843373493,0.0,97.998046875,654185,4529,3726,1309976,3726,0,654185,20483853728,42591158,654185,,25194399797,177,191,3.14.7,on,
handler,4,354,uringpy-app,process,1,13,0,300,400,ok,26046.94,20.02,521555,15.3,15.38,15.48,311.1,22.37,2.83,0,0,7.106630768267485,0.0,25.717868338557995,0.0,98.14362481680509,653781,4543,3740,1309168,3739,0,653781,20407581544,41015501,653781,,25141493142,20,134,3.14.7,on,
handler,4,355,uringpy-app-batch,thread,4,13,0,3000,400,ok,3047.53,20.03,61034,117.92,157.79,205.54,626.73,138.8,0.331328125,67,0,1.2469437652811737,0.0,27.745734198509975,0.0,31.223628691983123,76849,2812,2009,155304,2009,0,76849,77285787532,23009371832,1727,,26309156911,27444,161,3.14.7,on,
handler,4,356,uringpy-app-batch,thread,2,13,0,1000,400,ok,8540.9,20.02,171022,46.72,47.07,47.38,686.6,60.27,0.93,7,0,2.574491958608652,0.0,27.30178242163491,0.0,39.9607265586647,214918,3416,2613,431442,2613,0,214918,39094867817,9125413492,2335,,27261178318,7731,168,3.14.7,on,
handler,4,357,asyncio-proto-app,process,1,13,0,30,400,ok,65887.77,20.01,1318623,5.95,6.01,6.08,11.87,6.06,7.16,0,0,18.407125338840842,0.0,27.246678822610054,0.0,98.59767891682786,,,,,,,,,,,,25088203968,11,162,3.14.7,on,
handler,4,358,uringpy-app-batch,thread,1,13,0,300,400,ok,26607.18,20.03,532823,14.98,15.06,15.16,338.79,22.55,2.89,0,0,6.559429179445453,0.0,25.642955714464936,0.0,97.998046875,666030,4585,3782,1333666,3782,0,666030,20526208135,2852455,3534,,25194534382,163,189,3.14.7,on,
handler,4,359,uvloop-proto-app,process,1,13,0,30,400,ok,67937.19,20.02,1360255,5.78,5.84,5.89,127.45,9.98,7.39,0,0,20.9279688513952,0.0,27.22229560163783,0.0,98.43597262952102,,,,,,,,,,,,25051069378,17,115,3.14.7,on,
handler,4,360,uringpy-app,thread,2,13,0,300,400,ok,28269.7,20.03,566237,14.08,14.2,16.3,21.32,15.55,3.07,0,0,7.957609581739512,0.0,33.025783619818,0.0,41.265822784810126,708063,8470,7667,1417732,7667,0,708063,23401285523,20579087824,708063,,32722306131,595907,150,3.14.7,on,
handler,4,361,uringpy-app-batch,process,1,13,0,1000,400,ok,8952.49,20.03,179310,44.7,44.84,45.06,492.13,53.17,0.97,102,0,2.563464410154306,0.0,25.212884116993706,0.0,98.58260019550342,225393,2382,1579,452392,1578,0,225393,23158671375,1107147,1322,,25176721315,18,132,3.14.7,on,
handler,4,362,uringpy-app-batch,process,1,13,0,30,400,ok,95413.61,20.02,1909991,4.17,4.22,4.28,4.5,4.73,10.37,0,0,22.931991224674153,0.0,27.93145324517609,0.0,98.09290953545232,2384225,13201,12398,4770056,12397,0,2384225,9732947636,9032310,12149,,25120924070,24,120,3.14.7,on,
handler,4,363,uvloop-proto-app,process,4,13,0,30,400,ok,184164.39,20.1,3701725,2.04,2.19,2.34,4.35,2.16,20.02,0,0,54.460032626427406,0.0,98.18668613849337,0.0,98.44206426484908,,,,,,,,,,,,100696622336,178,1463,3.14.7,on,
handler,4,364,uringpy-app,thread,4,13,0,300,400,ok,28452.37,20.02,569646,12.96,17.38,22.61,36.12,14.47,3.09,0,0,9.196703780587532,0.0,35.13034674765882,0.0,35.598377281947265,712589,15697,14894,1426784,14894,0,712589,23009014123,71230812564,712589,,33391932480,720378,123,3.14.7,on,
handler,4,365,asyncio-proto-app,process,4,13,0,0,400,ok,186396.44,20.1,3746584,1.78,1.96,3.63,5.65,2.24,20.26,0,0,54.091909557793635,0.0,97.16277951430632,0.0,98.0778471888515,,,,,,,,,,,,100612156999,2499,11909,3.14.7,on,
handler,4,366,uringpy-app,thread,1,13,0,100,400,ok,56328.74,20.02,1127873,7.07,7.14,7.2,7.71,8.65,6.12,0,0,14.959525782395309,0.0,26.52140278494069,0.0,98.53372434017595,1412808,8327,7524,2827222,7524,0,1412808,15109732349,89010700,1412808,,25176757026,155,184,3.14.7,on,
handler,4,367,uringpy-app-batch,thread,4,13,0,1000,400,ok,8647.47,20.03,173199,44.56,55.68,69.83,102.3,47.6,0.94,0,0,3.0762510919755397,0.0,28.761490082244798,0.0,30.772855796418472,217588,5684,4881,436782,4881,0,217588,48188446838,50526431444,4489,,27187811554,22649,129,3.14.7,on,
handler,4,368,asyncio-proto-app,process,1,13,0,0,400,ok,80520.67,20.01,1611534,4.87,4.92,4.97,9.7,4.95,8.75,0,0,21.33177721584646,0.0,27.65557939914163,0.0,98.13999021047479,,,,,,,,,,,,25085294572,12,155,3.14.7,on,
handler,4,369,uringpy-app-batch,thread,4,13,0,100,400,ok,73599.54,20.1,1479359,5.39,5.51,5.64,5.96,5.44,8.0,0,0,21.283509341998375,0.0,40.36523929471033,0.0,52.961500493583415,1845885,38708,37905,3693376,37905,0,1845885,24083474310,65586976405,37489,,35805549322,38358,103,3.14.7,on,
handler,4,370,uringpy-app,process,1,13,0,100,400,ok,56916.7,20.02,1139440,7.0,7.06,7.12,7.61,8.66,6.19,0,0,14.302968660606446,0.0,26.65212370075709,0.0,98.16425120772946,1426728,8394,7591,2855062,7590,0,1426728,15233038170,86299402,1426728,,25124031107,23,169,3.14.7,on,
handler,4,371,uringpy-app-batch,process,4,13,0,1000,400,ok,34981.36,20.02,700397,11.31,11.99,12.3,12.61,11.63,3.8,0,0,9.908095178144277,0.0,98.25162000244529,0.0,98.62946647087617,876199,19128,18325,1754004,18321,0,876199,95258604051,10024265,17781,,100392253947,324,1459,3.14.7,on,
handler,4,372,uringpy-app,process,1,13,0,30,400,ok,91012.82,20.02,1822046,4.37,4.43,4.49,4.72,5.01,9.89,0,0,22.750948492058388,0.0,27.663852030558907,0.0,98.4841075794621,2284950,12696,11893,4571506,11892,0,2284950,8925546849,133319731,2284950,,25120570645,28,169,3.14.7,on,
handler,4,373,uvloop-proto-app,process,1,13,0,3000,400,ok,3000.5,20.03,60087,90.75,108.21,116.73,126.09,91.3,0.3262109375,204,0,2.705860648176619,0.0,25.54841837353048,0.0,97.48913568324481,,,,,,,,,,,,25315116581,14,182,3.14.7,on,
handler,4,374,uringpy-app-batch,thread,2,13,0,100,400,ok,74402.53,20.02,1489825,5.33,5.43,5.56,5.91,5.44,8.09,0,0,19.3955623565417,0.0,38.739549839228296,0.0,72.50368912936547,1882514,20720,19917,3766634,19917,0,1882514,23682885394,13878977184,19346,,36762308784,15196,179,3.14.7,on,
handler,4,375,uringpy-app-batch,process,2,13,0,300,400,ok,52135.17,20.02,1043688,7.65,7.73,7.81,8.11,8.06,5.67,0,0,13.066784385444913,0.0,51.3034674765882,0.0,98.14180929095355,1308617,14810,14007,2618840,14005,0,1308617,42155737591,11070854,13606,,50405415445,163,209,3.14.7,on,
handler,4,376,asyncio-proto-app,process,4,13,0,1000,400,ok,30448.9,20.01,609381,11.84,13.28,16.91,23.08,13.14,3.31,0,0,11.0812835559995,0.0,98.31151352012725,0.0,98.62946647087617,,,,,,,,,,,,100525354487,70,15828,3.14.7,on,
handler,4,377,uringpy-app-batch,process,1,13,0,300,400,ok,25989.17,20.03,520448,15.34,15.42,15.52,368.73,23.48,2.83,0,0,6.45342662585119,0.0,25.636523266022827,0.0,98.14453125,651701,4517,3714,1305008,3713,0,651701,20757797867,3360515,3463,,25136511247,22,187,3.14.7,on,
handler,4,378,uringpy-app-batch,thread,2,13,0,30,400,ok,147645.55,20.1,2967686,2.69,2.74,2.8,2.93,2.74,16.05,0,0,35.749043015636154,0.0,51.90293064580295,0.0,98.41116995666827,3702693,40069,39266,7406992,39266,0,3702693,19891426628,3244760353,38700,,47385823610,15027,162,3.14.7,on,
handler,4,379,uringpy-app-batch,thread,1,13,0,100,400,ok,57333.1,20.02,1147830,6.95,7.01,7.09,7.55,8.5,6.23,0,0,14.01015228426396,0.0,26.644225789746244,0.0,98.09290953545232,1435201,8434,7631,2872008,7631,0,1435201,15614331388,6532214,7378,,25175125109,176,187,3.14.7,on,
handler,4,380,uringpy-app-batch,thread,4,13,0,0,400,ok,277067.32,20.1,5569078,1.42,1.56,1.7,1.99,1.42,30.12,0,0,62.50825518425571,0.0,92.65764117575314,0.0,94.8954788526981,6982059,154426,153623,13965724,153623,0,6982059,16556299137,11227328303,149019,,91852384304,95863,1005,3.14.7,on,
handler,4,381,uvloop-proto-app,process,4,13,0,100,400,ok,137474.72,20.1,2763255,2.82,2.92,3.02,5.81,2.93,14.95,0,0,38.5233918128655,0.0,98.18536110096213,0.0,98.49074975657254,,,,,,,,,,,,100590591949,2794,1486,3.14.7,on,
handler,4,382,uringpy-app,thread,2,13,0,1000,400,ok,9303.28,20.02,186296,42.86,43.09,43.62,709.33,57.27,1.01,0,0,3.0589405620492416,0.0,28.365264991291365,0.0,42.3804780876494,233598,3596,2793,468802,2793,0,233598,24515340921,22990097573,233598,,28500900761,218345,166,3.14.7,on,
handler,4,383,uringpy-app-batch,process,1,13,0,3000,400,ok,2977.44,20.03,59632,123.03,134.11,134.45,135.63,116.07,0.323701171875,202,0,0.970273777887646,0.0,25.15441443623592,0.0,97.29599227426364,75330,1738,935,152266,934,0,75330,24645096510,832056,678,,25320269012,19,142,3.14.7,on,
handler,4,384,uringpy-app,process,2,13,0,0,400,ok,195182.39,20.1,3923150,2.03,2.09,2.14,2.24,2.05,21.22,0,0,45.3448275862069,0.0,57.363370880267,0.0,98.14814814814815,4947034,52003,51200,9895674,51198,0,4947034,8356223808,448158354,4947034,,50566467059,151,141,3.14.7,on,
handler,5,385,uringpy-app,process,2,13,0,30,400,ok,156140.0,20.1,3138443,2.53,2.68,2.79,2.96,2.56,16.98,0,0,37.836115713011345,0.0,55.402485143165855,0.0,98.48927875243665,3910600,41116,40313,7822806,40311,0,3910600,20226963827,306430594,3910600,,50397556794,237,192,3.14.7,on,
handler,5,386,uringpy-app-batch,process,4,13,0,30,400,ok,246455.01,20.1,4953749,1.64,1.76,1.84,1.99,1.59,26.79,0,0,56.02667011910927,0.0,98.1981981981982,0.0,98.49001461276181,6209581,133435,132632,12420768,132628,0,6209581,45645487101,126178618,130779,,100933313017,1447,1478,3.14.7,on,
handler,5,387,uringpy-app,process,2,13,0,1000,400,ok,17656.5,20.02,353555,22.6,22.69,22.79,168.55,26.84,1.92,0,0,5.251354886937021,0.0,50.11741441107403,0.0,98.48484848484848,442517,5773,4970,886640,4968,0,442517,47242624993,33806858,442517,,50289387137,112,192,3.14.7,on,
handler,5,388,uvloop-proto-app,process,1,13,0,100,400,ok,46459.15,20.1,933708,8.46,8.53,8.61,489.25,19.52,5.05,0,0,14.325281803542673,0.0,26.570048309178745,0.0,96.87650168188371,,,,,,,,,,,,25141255936,15,164,3.14.7,on,
handler,5,389,uringpy-app-batch,process,4,13,0,3000,400,ok,12330.89,20.02,246889,28.93,36.49,37.37,49.97,34.67,1.34,0,0,4.027933657563287,0.0,98.28892691273528,0.0,98.58260019550342,310296,7812,7009,622198,7005,0,310296,98919815875,3363468,6541,,100846300766,255,1453,3.14.7,on,
handler,5,390,uringpy-app,thread,4,13,0,3000,400,ok,2937.83,20.04,58873,122.06,167.18,213.71,629.84,142.92,0.31939453125,73,0,1.3548626577579808,0.0,28.64864864864865,0.0,30.798660927785747,74355,2760,1957,150316,1957,0,74355,24873351084,75144208752,74355,,26931723173,74710,99,3.14.7,on,
handler,5,391,uringpy-app,thread,2,13,0,300,400,ok,28062.02,20.02,561939,14.17,14.34,16.24,22.77,15.87,3.05,0,0,8.1918453339943,0.0,33.06430950550858,0.0,43.21685508735868,702738,8449,7646,1407082,7646,0,702738,23407839555,20665817756,702738,,32644925492,592645,142,3.14.7,on,
handler,5,392,uringpy-app,process,2,13,0,100,400,ok,105229.43,20.02,2106387,3.75,3.89,3.99,4.23,3.85,11.44,0,0,28.905312361821743,0.0,53.46729708431836,0.0,98.58190709046455,2633515,28531,27728,5268636,27726,0,2633515,31749548942,187585693,2633515,,50381912815,359,209,3.14.7,on,
handler,5,393,uringpy-app,thread,2,13,0,30,400,ok,129025.84,20.01,2582285,2.99,3.32,3.6,4.3,3.09,14.03,0,0,33.11109686518367,0.0,49.918500407497966,0.0,76.68936616029335,3220671,33829,33026,6442948,33026,0,3220671,16042269482,8018977864,3220671,,45941354767,638194,171,3.14.7,on,
handler,5,394,uringpy-app,thread,1,13,0,300,400,ok,26741.17,20.03,535579,14.9,14.98,15.09,327.01,22.25,2.91,0,0,7.7530554685051705,0.0,25.693833982167526,0.0,98.14180929095355,670216,4611,3808,1342038,3808,0,670216,20338905496,43323212,670216,,25195473800,184,148,3.14.7,on,
handler,5,395,uringpy-app,process,4,13,0,300,400,ok,91248.76,20.01,1826133,4.36,4.56,4.65,4.86,4.38,9.92,0,0,25.193650793650793,0.0,98.19070904645477,0.0,98.4841075794621,2283543,47692,46889,4568692,46885,0,2283543,84718763599,199532554,2283543,,100312002745,502,1430,3.14.7,on,
handler,5,396,uringpy-app-batch,thread,2,13,0,300,400,ok,29998.37,20.02,600698,13.26,13.45,13.65,14.33,15.0,3.26,0,0,8.43343653250774,0.0,30.59850374064838,0.0,56.91854759568204,751856,8888,8085,1505318,8085,0,751856,24777672741,20779896952,7721,,29658555877,8048,156,3.14.7,on,
handler,5,397,uringpy-app-batch,process,2,13,0,30,400,ok,162290.43,20.01,3247920,2.43,2.53,2.62,2.79,2.45,17.64,0,0,40.346739753967746,0.0,55.973209404045924,0.0,98.43673668783586,4049952,42125,41322,8101510,41320,0,4049952,21344862130,32910024,40845,,50220891670,212,202,3.14.7,on,
handler,5,398,asyncio-proto-app,process,1,13,0,0,400,ok,80915.05,20.02,1620078,4.83,4.89,4.95,9.65,4.93,8.8,0,0,21.758039008961518,0.0,27.66154661016949,0.0,96.90970545630131,,,,,,,,,,,,25096925727,14,114,3.14.7,on,
handler,5,399,uringpy-app-batch,process,2,13,0,1000,400,ok,17590.56,20.03,352317,22.66,22.89,23.03,168.67,26.89,1.91,0,0,5.484051482932289,0.0,50.06174364040504,0.0,98.04592085979482,441234,5732,4929,884074,4927,0,441234,47583475955,4799372,4612,,50306455971,88,206,3.14.7,on,
handler,5,400,uringpy-app-batch,process,4,13,0,0,400,ok,295571.48,20.1,5940885,1.31,1.55,1.76,2.0,1.31,32.13,0,0,69.29509374795845,0.0,98.14927553877999,0.0,98.3933787731256,7443430,167726,166923,14888466,166919,0,7443430,20325250963,163640396,161824,,100767711673,4378,1402,3.14.7,on,
handler,5,401,uringpy-app-batch,process,4,13,0,300,400,ok,94644.34,20.03,1895415,4.21,4.37,4.48,4.75,4.2,10.29,0,0,29.00626123612919,0.0,98.27480729230393,0.0,98.53157121879589,2377726,50865,50062,4757058,50058,0,2377726,86064597017,28447982,49279,,100698285688,523,1401,3.14.7,on,
handler,5,402,uringpy-app-batch,process,1,13,0,1000,400,ok,8718.39,20.03,174641,45.91,46.07,46.32,488.63,54.07,0.95,109,0,2.538734366249767,0.0,25.24953789279113,0.0,98.24132877381534,219515,2349,1546,440636,1545,0,219515,23216461947,1470492,1295,,25191816631,21,152,3.14.7,on,
handler,5,403,uvloop-proto-app,process,1,13,0,3000,400,ok,2896.5,20.03,58031,91.94,110.45,119.76,124.42,92.8,0.31490234375,201,0,3.201576160571358,0.0,25.602227333252632,0.0,97.44455159112826,,,,,,,,,,,,25324270209,15,138,3.14.7,on,
handler,5,404,uringpy-app-batch,thread,2,13,0,0,400,ok,202614.25,20.1,4072480,1.95,2.02,2.09,2.28,1.96,22.03,0,0,50.09140767824497,0.0,57.27515083485338,0.0,97.37098344693281,5087434,53928,53125,10176474,53125,0,5087434,9046514350,1042750438,52570,,49760537979,10044,189,3.14.7,on,
handler,5,405,uringpy-app,thread,2,13,0,0,400,ok,197466.02,20.1,3968948,1.99,2.14,2.28,2.53,2.01,21.47,0,0,48.55081881985963,0.0,57.1123451516446,0.0,89.17004048582996,4890183,51395,50592,9781972,50592,0,4890183,7633174636,2914057749,4890183,,49215878928,159772,156,3.14.7,on,
handler,5,406,uringpy-app-batch,thread,1,13,0,30,400,ok,95976.31,20.02,1921024,4.13,4.2,4.26,4.47,4.33,10.43,0,0,23.016431174477336,0.0,28.02599512591389,0.0,98.53157121879589,2397727,13321,12518,4797060,12518,0,2397727,9724827469,11169427,12168,,25163241836,161,132,3.14.7,on,
handler,5,407,uringpy-app,thread,4,13,0,0,400,ok,189772.86,20.1,3814538,2.04,2.42,2.79,3.5,2.07,20.63,0,0,45.96536241180244,0.0,80.56367987237437,0.0,81.05095541401273,4766230,103249,102446,9534066,102446,0,4766230,10344779951,38156791260,4766230,,75309205798,1977102,884,3.14.7,on,
handler,5,408,uringpy-app,process,1,13,0,1000,400,ok,8591.11,20.04,172124,46.58,46.74,47.05,475.33,54.52,0.93,108,0,3.0034129692832763,0.0,25.23148148148148,0.0,97.39507959479016,216512,2337,1534,434630,1533,0,216512,23108611298,15493623,216512,,25202543763,25,164,3.14.7,on,
handler,5,409,uringpy-app,process,2,13,0,0,400,ok,202761.41,20.1,4075457,1.93,2.07,2.17,2.33,1.95,22.04,0,0,49.56504803947027,0.0,58.12939521800281,0.0,98.09941520467837,5126113,61976,61173,10253832,61171,0,5126113,8656304191,455308759,5126113,,50466007177,2936,187,3.14.7,on,
handler,5,410,uringpy-app-batch,process,4,13,0,100,400,ok,174952.93,20.01,3501661,2.26,2.42,2.55,2.83,2.25,19.02,0,0,46.718759926307094,0.0,98.19048783469862,0.0,98.38709677419355,4394375,91916,91113,8790356,91109,0,4394375,68526551842,67372193,90353,,100656536454,538,1407,3.14.7,on,
handler,5,411,uringpy-app-batch,process,1,13,0,300,400,ok,26622.17,20.04,533495,14.96,15.04,15.14,305.63,21.94,2.89,0,0,7.324290998766954,0.0,25.68025078369906,0.0,98.53444064484611,667628,4602,3799,1336862,3798,0,667628,20665268323,3222540,3533,,25147889007,18,189,3.14.7,on,
handler,5,412,asyncio-proto-app,process,4,13,0,300,400,ok,72813.28,20.02,1457486,5.05,5.42,7.19,10.46,5.5,7.92,0,0,24.389107130967442,0.0,98.28767123287672,0.0,98.53228962818004,,,,,,,,,,,,100484975890,117,13970,3.14.7,on,
handler,5,413,uringpy-app,thread,4,13,0,1000,400,ok,8280.15,20.02,165793,44.02,60.2,76.97,228.7,52.95,0.9,0,0,3.0545318258479606,0.0,34.98985801217039,0.0,41.515517936316,208090,5420,4617,417786,4617,0,208090,23981463324,73836919732,208090,,28750060820,208903,114,3.14.7,on,
handler,5,414,uringpy-app,thread,1,13,0,30,400,ok,92243.52,20.02,1846547,4.31,4.36,4.43,4.72,4.92,10.03,0,0,23.34798913746282,0.0,27.64958411591092,0.0,98.09197651663405,2300112,12761,11958,4601830,11958,0,2300112,9131969561,140319647,2300112,,25170545688,159,155,3.14.7,on,
handler,5,415,uringpy-app,thread,1,13,0,0,400,ok,118497.04,20.02,2371936,3.36,3.41,3.46,3.61,3.66,12.88,0,0,28.836237843482802,0.0,28.701657458563535,0.0,98.09197651663405,2986265,16223,15420,5974136,15420,0,2986265,3659192154,196227271,2986265,,25173819355,159,197,3.14.7,on,
handler,5,416,uringpy-app,process,4,13,0,1000,400,ok,34144.41,20.02,683497,11.57,12.23,12.34,12.61,11.8,3.71,0,0,9.44367700615346,0.0,97.33124018838305,0.0,98.16425120772946,855016,18600,17797,1711638,17793,0,855016,94734988130,68978248,855016,,100357217502,166,1370,3.14.7,on,
handler,5,417,uringpy-app,process,4,13,0,0,400,ok,292937.66,20.1,5888121,1.28,1.49,1.71,2.0,1.33,31.85,0,0,64.67911396640568,0.0,98.08606607338778,0.0,98.34146341463415,7378992,167380,166577,14759590,166573,0,7378992,19261511252,1063959734,7378992,,100634053844,5851,1390,3.14.7,on,
handler,5,418,asyncio-proto-app,process,4,13,0,0,400,ok,183257.38,20.1,3683503,1.74,2.53,5.26,5.98,2.32,19.92,0,0,50.834454912516826,0.0,98.22319581355725,0.0,98.49221789883268,,,,,,,,,,,,100785500910,148,10672,3.14.7,on,
handler,5,419,asyncio-proto-app,process,1,13,0,100,400,ok,44075.22,20.02,882406,8.94,9.0,9.08,17.77,9.06,4.79,0,0,11.859462201927956,0.0,26.50477912684061,0.0,98.09384164222874,,,,,,,,,,,,25096576628,11,636,3.14.7,on,
handler,5,420,asyncio-proto-app,process,1,13,0,300,400,ok,23071.38,20.02,461940,17.19,17.33,17.42,17.93,17.32,2.51,0,0,6.758646998982706,0.0,25.899645210339585,0.0,98.19159335288367,,,,,,,,,,,,25117969007,11,138,3.14.7,on,
handler,5,421,uringpy-app-batch,thread,2,13,0,3000,400,ok,3038.44,20.03,60861,121.96,141.96,147.02,363.65,128.02,0.33033203125,152,0,1.0085385472095039,0.0,25.89858404937674,0.0,51.76584421867441,76862,2056,1253,155330,1253,0,76862,45608592396,4291554932,1002,,26088930158,9773,149,3.14.7,on,
handler,5,422,uringpy-app,process,2,13,0,3000,400,ok,6008.5,20.03,120356,64.47,68.75,69.0,616.86,76.6,0.653232421875,64,0,2.2460091572825145,0.0,49.81007229506188,0.0,98.63080684596576,151128,2781,1978,303862,1976,0,151128,48883533842,14808382,151128,,50422734469,34,190,3.14.7,on,
handler,5,423,uringpy-app-batch,thread,1,13,0,1000,400,ok,8762.4,20.04,175561,45.68,45.81,46.09,491.62,53.95,0.95,107,0,2.22636815920398,0.0,25.178791615289764,0.0,98.14362481680509,220814,2357,1554,443234,1554,0,220814,23173426265,1239622,1301,,25253001956,160,153,3.14.7,on,
handler,5,424,uringpy-app-batch,thread,1,13,0,100,400,ok,56055.9,20.03,1122521,7.11,7.17,7.25,7.7,8.83,6.09,0,0,13.007062941433839,0.0,26.57061266874351,0.0,98.04496578690127,1404116,8287,7484,2809838,7484,0,1404116,16011777699,5582756,7233,,25184809295,173,239,3.14.7,on,
handler,5,425,uringpy-app-batch,process,1,13,0,3000,400,ok,3131.85,20.03,62732,119.3,127.57,127.9,128.94,111.51,0.34048828125,203,0,0.9701538651671507,0.0,25.104243316163846,0.0,98.43673668783586,79177,1751,948,159960,947,0,79177,24542610761,907574,699,,25281396125,18,181,3.14.7,on,
handler,5,426,uvloop-proto-app,process,1,13,0,300,400,ok,23744.69,20.02,475466,16.69,16.75,16.85,593.04,29.48,2.58,67,0,8.094093840900468,0.0,25.839890096165856,0.0,98.503861003861,,,,,,,,,,,,25071417956,16,167,3.14.7,on,
handler,5,427,uringpy-app,thread,2,13,0,1000,400,ok,9343.63,20.03,187163,42.68,42.96,51.33,618.7,54.86,1.02,25,0,3.2318210068365443,0.0,28.388619704311093,0.0,44.92537313432836,234595,3586,2783,470796,2783,0,234595,24516901967,23032377063,234595,,28488285732,219547,148,3.14.7,on,
handler,5,428,uringpy-app-batch,thread,1,13,0,300,400,ok,26901.51,20.02,538681,14.81,14.89,14.98,15.65,17.21,2.92,0,0,6.593475141912545,0.0,25.744814582023885,0.0,98.4841075794621,674012,4685,3882,1349630,3882,0,674012,20762188690,3623116,3514,,25198079096,153,162,3.14.7,on,
handler,5,429,uringpy-app-batch,process,1,13,0,0,400,ok,131887.99,20.01,2639725,3.02,3.06,3.11,3.24,3.31,14.34,0,0,30.804375804375805,0.0,29.390175042348954,0.0,98.09197651663405,3292444,17748,16945,6586494,16944,0,3292444,3976816319,13488378,16694,,25118853668,16,145,3.14.7,on,
handler,5,430,uringpy-app-batch,process,2,13,0,0,400,ok,204216.83,20.1,4104769,1.93,2.0,2.07,2.19,1.94,22.2,0,0,47.29624333809957,0.0,57.38755048043448,0.0,98.05163175840234,5160922,61256,60453,10323450,60451,0,5160922,8848922364,48405498,57547,,50477810699,2431,201,3.14.7,on,
handler,5,431,uringpy-app-batch,thread,4,13,0,0,400,ok,275280.47,20.1,5533160,1.42,1.55,1.69,1.97,1.42,29.93,0,0,62.88279836494002,0.0,92.00289052149826,0.0,92.42277992277992,6946403,145125,144322,13894412,144322,0,6946403,16995123639,11751902591,143295,,91675584936,94220,1048,3.14.7,on,
handler,5,432,uringpy-app,process,1,13,0,100,400,ok,55307.24,20.02,1107254,7.2,7.27,7.34,7.81,8.89,6.01,0,0,14.164918303770106,0.0,26.543528803926634,0.0,98.53300733496333,1392306,8375,7572,2786218,7571,0,1392306,15425534318,87435164,1392306,,25209558749,29,178,3.14.7,on,
handler,5,433,uringpy-app-batch,thread,4,13,0,1000,400,ok,8864.35,20.03,177516,42.21,55.62,70.56,158.41,48.88,0.96,0,0,2.929626628436078,0.0,29.151113786875378,0.0,30.195891065456284,222287,5856,5053,446180,5053,0,222287,51261162374,47437789558,4678,,27223035906,24865,121,3.14.7,on,
handler,5,434,uringpy-app-batch,thread,2,13,0,1000,400,ok,9181.85,20.02,183845,43.45,43.74,44.05,739.72,58.59,1.0,0,0,2.714013170041233,0.0,27.44591937069813,0.0,53.010279001468426,230326,3566,2763,462258,2763,0,230326,38836997943,9330694204,2511,,27344284735,8288,165,3.14.7,on,
handler,5,435,asyncio-proto-app,process,1,13,0,1000,400,ok,8342.68,20.03,167120,47.72,47.93,48.21,48.8,47.83,0.91,0,0,5.675243136772129,0.0,26.95897813804962,0.0,98.72922776148583,,,,,,,,,,,,25174670217,12,163,3.14.7,on,
handler,5,436,uringpy-app,thread,4,13,0,30,400,ok,91870.61,20.01,1837977,4.18,5.23,6.3,8.42,4.38,9.99,0,0,23.674979271637223,0.0,63.88456641674919,0.0,66.13816534541337,2301241,47924,47121,4604088,47121,0,2301241,12270309978,60046177783,2301241,,57793060997,3446660,476,3.14.7,on,
handler,5,437,uringpy-app-batch,process,4,13,0,1000,400,ok,35141.43,20.02,703406,11.36,11.92,12.15,12.49,11.6,3.82,0,0,10.519366197183098,0.0,98.22738386308069,0.0,98.53228962818004,880094,19175,18372,1761794,18368,0,880094,95142464149,10392770,17883,,100410810356,254,1421,3.14.7,on,
handler,5,438,uringpy-app-batch,process,2,13,0,3000,400,ok,6081.11,20.03,121775,65.25,66.31,66.59,621.48,75.85,0.6611328125,68,0,1.8739141226110698,0.0,49.86536107711138,0.0,98.29018075232047,152977,2790,1987,307560,1985,0,152977,48890259926,1551611,1734,,50414841935,34,202,3.14.7,on,
handler,5,439,asyncio-proto-app,process,4,13,0,30,400,ok,154087.64,20.1,3097182,2.2,2.4,4.54,6.11,2.66,16.75,0,0,45.159786950732354,0.0,98.29413914950652,0.0,98.53801169590643,,,,,,,,,,,,100715604648,1053,12532,3.14.7,on,
handler,5,440,uringpy-app-batch,thread,4,13,0,100,400,ok,73512.19,20.1,1477599,5.4,5.5,5.63,5.93,5.46,7.99,0,0,20.714420714420715,0.0,39.81704993012324,0.0,60.04950495049505,1845514,40122,39319,3692634,39319,0,1845514,24161051230,65594436832,38718,,36139203737,39976,106,3.14.7,on,
handler,5,441,uvloop-proto-app,process,4,13,0,0,400,ok,218207.05,20.1,4385981,1.73,1.88,2.02,3.75,1.83,23.72,0,0,61.134910696632176,0.0,97.34151329243353,0.0,98.12319538017324,,,,,,,,,,,,100526348282,2517,1598,3.14.7,on,
handler,5,442,uvloop-proto-app,process,4,13,0,30,400,ok,183542.12,20.1,3689222,2.04,2.25,2.38,4.51,2.19,19.95,0,0,51.989549839228296,0.0,98.28216374269006,0.0,98.73232569478303,,,,,,,,,,,,100700427157,560,1563,3.14.7,on,
handler,5,443,asyncio-proto-app,process,4,13,0,100,400,ok,118217.75,20.1,2376161,2.85,2.97,6.11,6.42,3.38,12.85,0,0,33.26808855291576,0.0,98.22233045172288,0.0,98.53872381880176,,,,,,,,,,,,100764671543,637,13046,3.14.7,on,
handler,5,444,uringpy-app,thread,1,13,0,100,400,ok,54900.29,20.02,1099299,7.26,7.31,7.38,7.85,9.0,5.97,0,0,13.723157828836161,0.0,26.606934164394236,0.0,98.53157121879589,1379131,8309,7506,2759868,7506,0,1379131,15575167298,85572254,1379131,,25263460622,182,145,3.14.7,on,
handler,5,445,uringpy-app,thread,2,13,0,100,400,ok,68583.5,20.02,1372891,5.72,6.25,7.46,9.02,6.11,7.46,0,0,17.45017399557102,0.0,43.11385275579992,0.0,56.07927155865024,1718851,18627,17824,3439308,17824,0,1718851,21388569776,14357138938,1718851,,41064346762,1004356,170,3.14.7,on,
handler,5,446,uringpy-app-batch,process,2,13,0,100,400,ok,106620.61,20.01,2133683,3.68,3.98,4.08,4.28,3.81,11.59,0,0,24.384173580089342,0.0,52.648537182626626,0.0,96.90821256038647,2662201,28107,27304,5326008,27302,0,2662201,32933915270,23746552,26930,,50220148398,151,168,3.14.7,on,
handler,5,447,uringpy-app,thread,1,13,0,3000,400,ok,3047.93,20.03,61060,121.42,130.89,131.24,132.34,113.68,0.3313671875,205,0,1.0435319543068848,0.0,25.119529238690696,0.0,98.43673668783586,77147,1741,938,155900,938,0,77147,24567311163,7508800,77147,,25397586181,159,174,3.14.7,on,
handler,5,448,uringpy-app,thread,2,13,0,3000,400,ok,2450.29,20.03,49079,162.89,163.29,163.67,247.55,152.61,0.266396484375,170,0,0.8965559883756878,0.0,26.432691127745734,0.0,63.15529179030663,62084,1935,1132,125774,1132,0,62084,25001376659,24846917271,62084,,26548838015,61767,138,3.14.7,on,
handler,5,449,uringpy-app,thread,1,13,0,1000,400,ok,8610.93,20.03,172468,46.48,46.62,46.79,490.33,54.67,0.94,107,0,2.7592535943713674,0.0,25.197433366238894,0.0,98.19159335288367,216745,2337,1534,435096,1534,0,216745,23092255371,16312378,216745,,25239438608,151,164,3.14.7,on,
handler,5,450,uringpy-app-batch,thread,2,13,0,30,400,ok,144960.4,20.1,2913724,2.73,2.79,2.84,2.99,2.77,15.76,0,0,35.01950502014453,0.0,51.16935483870968,0.0,98.39259620068192,3662499,40455,39652,7326604,39652,0,3662499,19635266288,4344149916,39112,,46510552290,20109,179,3.14.7,on,
handler,5,451,uringpy-app-batch,process,1,13,0,30,400,ok,96095.66,20.02,1923675,4.14,4.2,4.26,4.46,4.57,10.45,0,0,21.686824086516925,0.0,27.786645384410747,0.0,97.29468599033817,2399517,13273,12470,4800640,12469,0,2399517,9359773778,9024150,12222,,25118422408,18,133,3.14.7,on,
handler,5,452,uvloop-proto-app,process,4,13,0,1000,400,ok,32615.13,20.01,652649,11.41,14.27,14.48,28.56,13.6,3.55,0,0,12.160446813912161,0.0,98.22738386308069,0.0,98.48336594911937,,,,,,,,,,,,100082044450,63,1541,3.14.7,on,
handler,5,453,uringpy-app,process,2,13,0,300,400,ok,50911.29,20.02,1019375,7.85,8.29,8.39,8.66,8.23,5.54,0,0,12.756394023803495,0.0,51.35477336034439,0.0,98.14180929095355,1274217,14222,13419,2550040,13417,0,1274217,41373145377,88592567,1274217,,50243184111,179,154,3.14.7,on,
handler,5,454,uringpy-app-batch,thread,4,13,0,30,400,ok,158080.53,20.1,3177439,2.51,2.61,2.81,3.49,2.51,17.19,0,0,38.6862732396191,0.0,65.06874315610172,0.0,66.76413255360623,3972048,82070,81267,7945702,81267,0,3972048,23213254444,46854601792,80590,,55556983135,85276,235,3.14.7,on,
handler,5,455,uringpy-app,process,1,13,0,3000,400,ok,3140.71,20.03,62919,119.66,127.06,127.38,129.38,111.37,0.341455078125,203,0,1.001297978861487,0.0,25.147203140333662,0.0,98.63147605083088,79454,1751,948,160514,947,0,79454,24568600972,7515818,79454,,25344663267,22,162,3.14.7,on,
handler,5,456,uvloop-proto-app,process,4,13,0,3000,400,ok,12169.75,20.02,243603,32.0,34.56,34.82,446.25,41.96,1.32,0,0,7.273857631333541,0.0,97.39382239382239,0.0,98.21428571428571,,,,,,,,,,,,100284388437,42,1414,3.14.7,on,
handler,5,457,uringpy-app,process,1,13,0,0,400,ok,121162.95,20.01,2425046,3.29,3.36,3.4,3.52,3.64,13.17,0,0,30.127371978164803,0.0,28.68988391376451,0.0,98.04496578690127,3045078,16517,15714,6091762,15713,0,3045078,3597740765,189417951,3045078,,25111950482,33,132,3.14.7,on,
handler,5,458,uringpy-app-batch,process,2,13,0,300,400,ok,51904.65,20.02,1039352,7.68,7.76,7.83,8.09,7.83,5.64,0,0,13.343432430726503,0.0,51.25837865182749,0.0,98.48484848484848,1301521,14498,13695,2604648,13693,0,1301521,41849795266,10555827,13166,,50229811985,179,165,3.14.7,on,
handler,5,459,asyncio-proto-app,process,1,13,0,30,400,ok,63536.46,20.02,1272125,6.2,6.25,6.3,12.32,6.28,6.91,0,0,17.224569385765356,0.0,26.976502661300792,0.0,96.91119691119691,,,,,,,,,,,,25094004921,13,156,3.14.7,on,
handler,5,460,asyncio-proto-app,process,4,13,0,1000,400,ok,29016.73,20.01,580657,11.8,15.16,17.31,23.18,13.8,3.15,0,0,10.537006474546146,0.0,98.26363414037662,0.0,98.5812133072407,,,,,,,,,,,,100523890823,73,12434,3.14.7,on,
handler,5,461,uringpy-app,process,4,13,0,30,400,ok,240662.21,20.01,4815635,1.63,1.71,1.8,2.04,1.62,26.16,0,0,57.95447047179149,0.0,98.2501223690651,0.0,98.58051884483602,6035282,129513,128710,12072170,128706,0,6035282,42455449360,680086576,6035282,,100397057655,3162,1318,3.14.7,on,
handler,5,462,asyncio-proto-app,process,1,13,0,3000,400,ok,3028.41,20.02,60640,131.54,132.21,132.64,133.65,131.71,0.329248046875,0,0,2.35610083623268,0.0,25.65457897971727,0.0,98.82640586797066,,,,,,,,,,,,25355696939,11,154,3.14.7,on,
handler,5,463,uringpy-app,process,1,13,0,300,400,ok,26948.01,20.03,539713,14.79,14.86,14.97,310.91,21.85,2.93,0,0,7.26078799249531,0.0,25.808481187869635,0.0,98.09477283829995,676099,4712,3909,1353804,3908,0,676099,20426385805,41696695,676099,,25216597119,34,169,3.14.7,on,
handler,5,464,uringpy-app-batch,thread,1,13,0,0,400,ok,128432.05,20.01,2570561,3.09,3.14,3.19,3.34,3.39,13.96,0,0,29.14757695037749,0.0,29.078112061827216,0.0,97.3417109714838,3205590,17857,17054,6412786,17054,0,3205590,3903402486,12414118,16779,,25256383089,167,140,3.14.7,on,
handler,5,465,uringpy-app-batch,thread,4,13,0,300,400,ok,26006.42,20.02,520686,12.99,18.41,22.06,27.27,15.76,2.83,0,0,7.30478589420655,0.0,30.717904361794144,0.0,32.098765432098766,650793,14331,13528,1303192,13528,0,650793,24597060329,71917183154,13202,,28929042888,17466,121,3.14.7,on,
handler,5,466,uringpy-app-batch,thread,2,13,0,100,400,ok,75202.43,20.02,1505247,5.27,5.37,5.51,5.83,5.49,8.18,0,0,19.021911718005715,0.0,39.36006168080185,0.0,51.61616161616162,1876138,20163,19360,3753882,19360,0,1876138,24426256635,13632019792,18957,,36895132915,18632,122,3.14.7,on,
handler,5,467,uringpy-app-batch,thread,1,13,0,3000,400,ok,3043.63,20.03,60963,122.12,130.96,131.36,133.15,113.79,0.3308984375,204,0,0.9152480322167308,0.0,25.119529238690696,0.0,98.3390327308256,76923,1741,938,155452,938,0,76923,24550888892,1325107,685,,25331378387,159,217,3.14.7,on,
handler,5,468,uvloop-proto-app,process,4,13,0,100,400,ok,137128.09,20.1,2756281,2.67,3.16,3.4,6.12,2.95,14.91,0,0,39.96891681870397,0.0,98.29393126980258,0.0,98.48927875243665,,,,,,,,,,,,100726220967,265,1403,3.14.7,on,
handler,5,469,uringpy-app-batch,process,1,13,0,100,400,ok,58562.84,20.02,1172322,6.8,6.86,6.93,7.37,8.22,6.37,0,0,13.932868904369855,0.0,26.671800795790013,0.0,96.90970545630131,1462722,8581,7778,2927050,7777,0,1462722,15734658118,6312009,7511,,25120109686,30,152,3.14.7,on,
handler,5,470,uvloop-proto-app,process,4,13,0,300,400,ok,81476.42,20.01,1630665,4.78,4.84,4.91,9.63,5.05,8.86,0,0,25.818664895383595,0.0,98.20271426824795,0.0,98.4841075794621,,,,,,,,,,,,100401398205,158,1290,3.14.7,on,
handler,5,471,asyncio-proto-app,process,4,13,0,3000,400,ok,11965.85,20.01,239455,33.24,36.51,36.72,61.59,33.41,1.3,0,0,6.408420003736688,0.0,98.36145756908779,0.0,98.67906066536203,,,,,,,,,,,,100402249100,95,3947,3.14.7,on,
handler,5,472,uringpy-app,process,4,13,0,3000,400,ok,12515.22,20.03,250633,30.96,34.51,35.37,45.76,33.92,1.36,0,0,4.240458967323522,0.0,97.32336628888353,0.0,98.21514712976362,314130,7593,6790,629866,6786,0,314130,98380660396,30377538,314130,,100564287598,77,1427,3.14.7,on,
handler,5,473,uringpy-app,thread,4,13,0,300,400,ok,28359.85,20.03,567968,13.07,17.53,23.59,38.11,14.47,3.08,0,0,8.645153189352085,0.0,35.02409332995181,0.0,35.526315789473685,709854,15790,14987,1421314,14987,0,709854,23022627595,71175292062,709854,,33457838162,717879,130,3.14.7,on,
handler,5,474,uringpy-app-batch,thread,4,13,0,3000,400,ok,3038.3,20.03,60867,119.15,159.13,211.32,624.91,139.89,0.330322265625,62,0,1.2922772522104742,0.0,27.731698521456906,0.0,29.35251798561151,76822,2809,2006,155250,2006,0,76822,75319421588,24899967066,1725,,26356897906,26764,148,3.14.7,on,
handler,5,475,uringpy-app,thread,4,13,0,100,400,ok,62170.04,20.02,1244369,5.97,7.93,10.29,15.79,6.52,6.76,0,0,16.39734435675811,0.0,47.840443798705586,0.0,48.25581395348837,1555601,32656,31853,3112808,31853,0,1555601,19311965593,65742924431,1555601,,44376067915,1663443,205,3.14.7,on,
handler,5,476,uvloop-proto-app,process,1,13,0,1000,400,ok,8573.91,20.02,171671,46.51,46.76,46.97,130.94,48.15,0.93,175,0,4.910298590849836,0.0,26.429275505174964,0.0,98.19159335288367,,,,,,,,,,,,25138543680,14,131,3.14.7,on,
handler,5,477,uvloop-proto-app,process,1,13,0,30,400,ok,69394.81,20.02,1389273,5.66,5.71,5.77,156.39,10.28,7.54,0,0,19.752125105444165,0.0,27.32870431023189,0.0,97.24903474903475,,,,,,,,,,,,25134419935,18,145,3.14.7,on,
handler,5,478,uringpy-app,process,4,13,0,100,400,ok,172227.43,20.1,3461771,2.31,2.4,2.48,2.63,2.3,18.72,0,0,40.76772934287573,0.0,98.14882474729022,0.0,98.48927875243665,4339789,94640,93837,8681184,93833,0,4339789,65515161943,435139146,4339789,,100772640381,2821,1409,3.14.7,on,
handler,5,479,uvloop-proto-app,process,1,13,0,0,400,ok,83422.81,20.02,1670267,4.69,4.75,4.8,13.88,7.3,9.07,0,0,24.843342036553526,0.0,27.65273311897106,0.0,98.1427174975562,,,,,,,,,,,,25048703866,17,143,3.14.7,on,
handler,5,480,uringpy-app,process,1,13,0,30,400,ok,89915.96,20.02,1799942,4.43,4.48,4.54,4.77,4.95,9.78,0,0,22.09619162283759,0.0,27.446268855960486,0.0,98.14180929095355,2260101,12584,11781,4521808,11780,0,2260101,8942621899,131362886,2260101,,25116765573,32,137,3.14.7,on,
